"Nome","CNPJ","Razao","Rede","Cluster","Estado","Cidade","Bairro","Endereco","Numero","Complemento","Pontos",,,,,,,
"Allied Advanced Technologies S.A - Bauru Shopping - KIOSQUE",2,20000000000000,"Bauru Shopping","Allied Advanced Technologies S.A","B","SP","Bauru","Vila Cidade Universitaria ","R Henrique Savi, 55 -Quadra 15- Andar: 1; Quiosq: Qun17; Quadra: 15; 
 

 

"," -"," -"," -",,,,,,
"Allied Advanced Technologies S.A - Botafogo Praia Shop - LOJA",2,20000000000000,"Botafogo Praia Shop","Allied Advanced Technologies S.A","A","RJ","Rio de Janeiro","Botafogo ","Praia De Botafogo"," N� 400 LJ 147148 - Cep: 22250-040  - Botafogo - Rio De Janeiro - Rj"," -"," -"," -",,,,,
"Allied Advanced Technologies S.A - Boulevard Shopping Na��es Bauru - LOJA",2,20000000000000,"Boulevard Shopping Na��es Bauru","Allied Advanced Technologies S.A","C","SP","Bauru","Chacara Das Folres ","Rua General Marcondes Salgado"," 11-39 Lojas 162 E 163 Bauru S�o Paulo Cep 17013-113"," -"," -"," -",,,,,
"Allied Advanced Technologies S.A - Bourbon Shopping - LOJA",2,20000000000000,"Bourbon Shopping","Allied Advanced Technologies S.A","A","SP","S�o Paulo","Perdizes ","Rua Turiass�"," 2100 - Loja Suc T003�- Barra Funda - S�o Paulo (Sp) - Cep: 05005-900"," -"," -"," -",,,,,
"Allied Advanced Technologies S.A - Caxias Shopping - KIOSQUE",2,20000000000000,"Caxias Shopping","Allied Advanced Technologies S.A","C","RJ","Duque de Caxias","Parque Duque ","Rod. Washington Luis",2895," Quiosque Q11"," Parque Duque - Duque De Caxias - Rj"," -"," -"," -",,,
"Allied Advanced Technologies S.A - Centervale Shopping - LOJA",2,20000000000000,"Centervale Shopping","Allied Advanced Technologies S.A","B","SP","S�o Jos� dos Campos","Jardim Oswaldo Cruz ","Av Deputado Benedito Matarazzo",9403," Lojas Uso Comercial N. 164"," Jardim Oswaldo Cruz"," Sao Jose Dos Campos - Sp"," -"," -"," -",,
"Allied Advanced Technologies S.A - ETNA Marginal Tiete - ETNA",2,20000000000000,"ETNA Marginal Tiete","Allied Advanced Technologies S.A","C","SP","S�o Paulo","Tatuape","Av. Condessa Elizabeth de Robiano"," 2000 - Tatuape - Piso Terreo (entrada principal)"," -"," -"," -",,,,,
"Allied Advanced Technologies S.A - ETNA Marginal Tiete - KIOSQUE",2,20000000000000,"ETNA Marginal Tiete","Allied Advanced Technologies S.A","A","SP","Mar�lia","Tatuape","Av. Condessa Elizabeth de Robiano"," 2000 - Tatuape - Piso Terreo (entrada principal)"," -"," -"," -",,,,,
"Allied Advanced Technologies S.A - ETNA Marginal Tiete - KIOSQUE",2,20000000000000,"ETNA Marginal Tiete","Allied Advanced Technologies S.A","C","SP","S�o Paulo","Tatuape","Av. Condessa Elizabeth de Robiano"," 2000 - Tatuape - Piso Terreo (entrada principal)"," -"," -"," -",,,,,
"Allied Advanced Technologies S.A - Golden Square Shopping - KIOSQUE",2,20000000000000,"Golden Square Shopping","Allied Advanced Technologies S.A","C","SP","S�o Paulo","Jardim do mar","Av. Kennedy",700," -"," -"," -",,,,,
"Allied Advanced Technologies S.A - Jundiai Shopping - LOJA",2,20000000000000,"Jundiai Shopping","Allied Advanced Technologies S.A","B","SP","Jundiai","Vianelo ","Av Nove De Julho, 3333 Lojas Uso Comercial N 162 Cep 13208-056 Bairro Vianelo -Jundiai- Sp


"," -"," -"," -",,,,,,
"Allied Advanced Technologies S.A - Mar�lia Shopping - KIOSQUE",2,20000000000000,"Mar�lia Shopping","Allied Advanced Technologies S.A","C","SP","MARILIA"," Jardim Maria Martha","Rua dos Tucunar�s",500," quiosque Q-13"," Jardim Maria Martha"," CEP 17507-280"," Mar�lia"," SP"," -"," -"," -"
"Allied Advanced Technologies S.A - Maxi Shopping Jundiai - KIOSQUE",2,20000000000000,"Maxi Shopping Jundiai","Allied Advanced Technologies S.A","C","SP","Jundiai","Vila Rio Branco","Avenida Antonio Frederico Ozanam"," 6000- Vila Rio Branco Jundiai Sp Cep 13215-900"," -"," -"," -",,,,,
"Allied Advanced Technologies S.A - Mooca Plaza Shopping - LOJA",2,20000000000000,"Mooca Plaza Shopping","Allied Advanced Technologies S.A","B","SP","S�o Paulo","Mooca ","Rua Capitao Pacheco Chaves",313," Loja 2717"," Piso 2"," -"," -"," -",,,
"Allied Advanced Technologies S.A - Norte Shopping Rio de Janeiro - LOJA",2,20000000000000,"Norte Shopping Rio de Janeiro","Allied Advanced Technologies S.A","A","RJ","Rio de Janeiro","Cachambi ","Av Dom Helder Camara"," 5.332 (Luc) - 2093 Norte Shopping Cep: 20771-004 - Cachambi -  Rio De Janeiro (Rj)"," -"," -"," -",,,,,
"Allied Advanced Technologies S.A - Park Shopping Campo Grande - LOJA",2,20000000000000,"Park Shopping Campo Grande","Allied Advanced Technologies S.A","B","RJ","Rio de Janeiro","Campo Grande","Est Do Monteiro"," 1200- Loja 107 Piso L1- Campo Grande Rio De Janeiro"," -"," -"," -",,,,,
"Allied Advanced Technologies S.A - ParkShopping S�o Caetano - LOJA",2,20000000000000,"ParkShopping S�o Caetano","Allied Advanced Technologies S.A","B","SP","S�o Caetano","Ceramica ","Al Terracota"," 545 - Lojas Uso Comercial N 1.063"," -"," -"," -",,,,,
"Allied Advanced Technologies S.A - Parque Shopping Maia - LOJA",2,20000000000000,"Parque Shopping Maia","Allied Advanced Technologies S.A","C","SP","Guarulhos","Jardim Flor da Montanha","Avenida Bartolomeu de Carlos",230," ksk 401. Jd. Flor da Montanha - Guarulhos - Sp (CEP - 07097-420)"," -"," -"," -",,,,
"Allied Advanced Technologies S.A - PrudenShop - LOJA",2,20000000000000,"PrudenShop","Allied Advanced Technologies S.A","B","SP","Presidente Prudente","Parque Bela Vista ","Av Manoel Goulart"," 2400 - Lojas Uso Comercial 1030 E 1031 - Cep: 19060-000 - Parque Bela Vista -Presidente Prudente (Sp)"," -"," -"," -",,,,,
"Allied Advanced Technologies S.A - Rio Preto Shopping - LOJA",2,20000000000000,"Rio Preto Shopping","Allied Advanced Technologies S.A","A","SP","S�o Jos� do Rio Preto","Jardim Morumbi ","Avenida Brigadeiro Faria Lima",6363," Jardim Morumbi"," S�o Jos� do Rio Preto/SP"," CEP 15090-000 LOJA 257"," -"," -"," -",,
"Allied Advanced Technologies S.A - Santana Parque Shopping - KIOSQUE",2,20000000000000,"Santana Parque Shopping","Allied Advanced Technologies S.A","B","SP","S�o Paulo","Santana","R Conselheiro Moreira De Barros",2780," Q 220"," -"," -"," -",,,,
"Allied Advanced Technologies S.A - Shopping ABC - LOJA",2,20000000000000,"Shopping ABC","Allied Advanced Technologies S.A","B","SP","Santo Andr�","Vila Gilda ","Av Pereira Barreto"," 42 - Loja 278 / 288"," -"," -"," -",,,,,
"Allied Advanced Technologies S.A - Shopping Analia Franco - LOJA",2,20000000000000,"Shopping Analia Franco","Allied Advanced Technologies S.A","A","SP","S�o Paulo","Vila Regente Feijo ","Av Regente Feijo"," 1739 - Loja Luc Oq-33 Pavlh Shop Analia Franco - Cep: 03342-000 - Vila Regente Feijo - Sao Paulo (Sp)"," -"," -"," -",,,,,
"Allied Advanced Technologies S.A - Shopping Center Norte - LOJA",2,20000000000000,"Shopping Center Norte","Allied Advanced Technologies S.A","A","SP","S�o Paulo","Vila Guilherme ","Tv Casalbuono"," 120 - Loja De Uso Comercial (Luc) L950 Shop Center Norte - 02089-900 - Vila Guilherme - Sao Paulo (Sp)"," -"," -"," -",,,,,
"Allied Advanced Technologies S.A - Shopping Colinas  - KIOSQUE ",2,20000000000000,"Shopping Colinas ","Allied Advanced Technologies S.A","C","SP","S�o Jos� dos Campos","JARDIM DAS COLINAS ","Avenida Sao Joao",2200," Cep 12242-000"," Jardim das Colinas"," Sao Jose dos Campos"," SP"," -"," -"," -",
"Allied Advanced Technologies S.A - Shopping Eldorado - LOJA",2,20000000000000,"Shopping Eldorado","Allied Advanced Technologies S.A","A","SP","S�o Paulo","Pinheiros ","Av. Rebou�as"," 3970 - Loja 0248"," Piso 1 - Pinheiros - S�o Paulo (Sp) - Cep: 05402-600 "," -"," -"," -",,,,
"Allied Advanced Technologies S.A - Shopping Grande Rio - LOJA",2,20000000000000,"Shopping Grande Rio","Allied Advanced Technologies S.A","B","RJ","S�o Jo�o do Meriti","Centro","R MARIA SOARES SENDA"," 111 loja 263/65"," -"," -"," -",,,,,
"Allied Advanced Technologies S.A - Shopping Iguatemi Esplanada - LOJA",2,20000000000000,"Shopping Iguatemi Esplanada","Allied Advanced Technologies S.A","A","SP","Sorocaba","Parque Bela Vista ","Av Gisele Constantino"," 1800 - Lojas Uso Comercial N 164 - Cep: 18110-650 - Parque Bela Vista - Votorantim (Sp)"," -"," -"," -",,,,,
"Allied Advanced Technologies S.A - Shopping Leblon - LOJA",2,20000000000000,"Shopping Leblon","Allied Advanced Technologies S.A","A","RJ","Rio de Janeiro","Leblon ","Av Afranio De Melo Franco",290," Lojas 108 C/D - Cep: 22430-060 - Leblon Rj"," -"," -"," -",,,,
"Allied Advanced Technologies S.A - Shopping Light - KIOSQUE",2,20000000000000,"Shopping Light","Allied Advanced Technologies S.A","C","SP","S�o Paulo","Republica","Rua Coronel Xavier De Toledo, 23 Qr.5.3; Terreo"," -"," -"," -",,,,,,
"Allied Advanced Technologies S.A - Shopping Metro Santa Cruz - LOJA",2,20000000000000,"Shopping Metro Santa Cruz","Allied Advanced Technologies S.A","A","SP","S�o Paulo","Vila Mariana","R Domingos De Moraes"," 2564  - Lojas Uso Comercial N L7/T - Cep: 04036-100 - Vila Mariana - S�o Paulo (Sp)"," -"," -"," -",,,,,
"Allied Advanced Technologies S.A - Shopping Morumbi - LOJA",2,20000000000000,"Shopping Morumbi","Allied Advanced Technologies S.A","A","SP","S�o Paulo","Jardim Das Acacias ","Av Roque Petroni Junior"," 1089 - Loja Uso Comercial N 16 Ll - Cep: 04707-900 - Brooklin - Sao Paulo (Sp)"," -"," -"," -",,,,,
"Allied Advanced Technologies S.A - Shopping Niteroi - LOJA",2,20000000000000,"Shopping Niteroi","Allied Advanced Technologies S.A","A","RJ","Niter�i","Centro ","R Xv De Novembro"," 08 Loja 166 Loja 167 Cep: 24020-125 Centro - Niter�i"," -"," -"," -",,,,,
"Allied Advanced Technologies S.A - Shopping Nova America - LOJA",2,20000000000000,"Shopping Nova America","Allied Advanced Technologies S.A","A","RJ","Rio de Janeiro","Del Castilho ","Av Pastor Martin Luther King Junior 
 126, ( Luc ) 1427 Shop Nova America, Bairo Del Castilho - Rio De Janeiro/Rj (20765-000)"," -"," -"," -",,,,,,
"Allied Advanced Technologies S.A - Shopping P�tio Ciane - KIOSQUE",2,20000000000000,"Shopping P�tio Ciane","Allied Advanced Technologies S.A","C","SP ","Sorocaba","Centro ","Av Afonso Vergueiro"," 823 - Quiosque 29 "," -"," -"," -",,,,,
"Allied Advanced Technologies S.A - Shopping Piracicaba - LOJA",2,20000000000000,"Shopping Piracicaba","Allied Advanced Technologies S.A","B","SP","Piracicaba","Vila Rezende ","Av. Limeira"," 722 Lojas S� Comercial N108A E 109 Cep 13414-018 Bairro Vila Rezende "," -"," -"," -",,,,,
"Allied Advanced Technologies S.A - Shopping Plaza Avenida - LOJA",2,20000000000000,"Shopping Plaza Avenida","Allied Advanced Technologies S.A","B","SP","S�o Jos� do Rio Preto","Nova Redentora ","Av Jose Munia","4775 - Loja Uso Comercial 230 Cep: 15085-350 - Nova Redentora - Sao Jose Do Rio Preto (Sp)"," -"," -"," -",,,,,
"Allied Advanced Technologies S.A - Shopping Tambore - LOJA",2,20000000000000,"Shopping Tambore","Allied Advanced Technologies S.A","B","SP","Barueri","Tambore ","Av Piracema "," 669 Andar Terreo Loja 481 - Cep: 06460-030 -  Pavlh Shopping Tambore - Barueri (Sp)"," -"," -"," -",,,,,
"Allied Advanced Technologies S.A - Shopping Vila Olimpia - LOJA",2,20000000000000,"Shopping Vila Olimpia","Allied Advanced Technologies S.A","A","SP","S�o Paulo","Vila Olimpia ","R Das Olimpiadas"," 360 - Lojas Uso Comercial N 110 E 111 - Cep: 04551-000 - Vila Olimpia - S�o Paulo (Sp)"," -"," -"," -",,,,,
"Allied Advanced Technologies S.A - Shopping West Plaza - LOJA",2,20000000000000,"Shopping West Plaza","Allied Advanced Technologies S.A","C","SP","S�o Paulo","Agua Branca ","Av Francisco Matarazzo"," S/N - Anexo Arco 1104 Terreo Bloco A Setor Shopping West Plaza - Cep: 05003-900 - Agua Branca - S�o Paulo"," -"," -"," -",,,,,
"Allied Advanced Technologies S.A - Tijuca Shopping - LOJA",2,20000000000000,"Tijuca Shopping","Allied Advanced Technologies S.A","A","RJ","Rio de Janeiro","Tijuca ","Av Maracana"," 987 - Loja 17 E 18 - Cep: 20511-000 - Tijuca - Rio De Janeiro (Rj)"," -"," -"," -",,,,,
"Allied Advanced Technologies S.A - Top Shopping Nova Igua�u - LOJA",2,20000000000000,"Top Shopping Nova Igua�u","Allied Advanced Technologies S.A","B","RJ","Nova Igua�u","Centro ","AV GOVERNADOR ROBERTO SILVEIRA"," 540 - Piso 1 (loja 134/135)"," -"," -"," -",,,,,
"Allied Advanced Technologies S.A - Vale Sul Shopping - LOJA",2,20000000000000,"Vale Sul Shopping","Allied Advanced Technologies S.A","B","SP","S�o Jos� dos Campos","Jardim Satelite ","Av. Andr�meda",227," Suc 206/207"," Jardim Sat�lite Cep 12230-002"," -"," -"," -",,,
"Allied Advanced Technologies S.A - Via Brasil Shopping - LOJA",2,20000000000000,"Via Brasil Shopping","Allied Advanced Technologies S.A","C","RJ","Rio de Janeiro","Iraja ","R Itapera"," 500 -(Luc) - 382 / 383 - Iraja"," Rio De Janeiro - Rj"," -"," -"," -",,,,
"Allied Advanced Technologies S.A - West Shopping Rio de Janeiro - LOJA",2,20000000000000,"West Shopping Rio de Janeiro","Allied Advanced Technologies S.A","B","RJ","Rio de Janeiro","Campo Grande","Est Do Mendanha"," 555 Loja 182 E 183 Campo Grande Rio De Janeiro Rj"," -"," -"," -",,,,,
"Aquilon Telecomunica��es Ltda - Catuai Shopping - LOJA",8,120000000000000,"Catuai Shopping","Aquilon Telecomunica��es Ltda","A","PR","Londrina","Gleba Fazenda Palhano ","Rodovia Celso Garcia Cid"," Km.377 � Loja 82/83 � Gleba Palhano � Londrina � Pr � Cep: 86050-901 "," -"," -"," -",,,,,
"Aquilon Telecomunica��es Ltda - Catuai Shopping Maringa - LOJA",8,120000000000000,"Catuai Shopping Maringa","Aquilon Telecomunica��es Ltda","B","PR","Maringa","Gleba Patrimonio Maringa ","Av Colombo"," 9161 Catuai Shop. Maringa Lojas 157/158 Bairro Gleba Patrimonio Maringa "," -"," -"," -",,,,,
"Aquilon Telecomunica��es Ltda - Park Shopping Barigui - LOJA",1,200000000000000,"Park Shopping Barigui","Aquilon Telecomunica��es Ltda","A","PR","Curitiba","Mossungue ","Rua: Pedro Viriato Parigot De Sousa"," 600 - Cep 81200-100 - Loja Luc 275 - Mossungue  - Curitiba (Pr)"," -"," -"," -",,,,,
"Aquilon Telecomunica��es Ltda - Shopping Esta��o  - KIOSQUE",8,120000000000000,"Shopping Esta��o ","Aquilon Telecomunica��es Ltda","B","PR","Curitiba","Rebou�as","Av. Sete de Setembro",2775," -"," -"," -",,,,,
"Aquilon Telecomunica��es Ltda - Shopping Mueller - LOJA",8,120000000000000,"Shopping Mueller","Aquilon Telecomunica��es Ltda","A","PR","Curitiba","Centro Civico ","Av Candido De Abreu"," 127 - Loja Ml-50 -Cep: 80530-000 "," -"," -"," -",,,,,
"Arte Telecom Ltda - Cidade S�o Paulo - LOJA",1,30000000000000,"Cidade S�o Paulo","Arte Telecom Ltda","A","SP","S�o Paulo","Paulista","Av Paulista"," 1230 - Bela Vista"," S�o Paulo/SP - Piso Terreo Suc 0126"," -"," -"," -",,,,
"Arte Telecom Ltda - Franca Shopping - LOJA",1,30000000000000,"Franca Shopping","Arte Telecom Ltda","B","SP","Franca","Sao Miguel ","Av Rio Negro"," 1100 Loja: 410 411 E 412 Bairro S�o Miguel"," -"," -"," -",,,,,
"Arte Telecom Ltda - Independencia Shopping - LOJA",1,30000000000000,"Independencia Shopping","Arte Telecom Ltda","B","MG","Juiz de Fora","Sao Mateus ","Av Presidente Itamar Franco, 3600, Loja: 155/156 -Piso Terreo; Cep: 36025-971 Sao Mateus - Juiz De Fora (Mg)"," -"," -"," -",,,,,,
"Arte Telecom Ltda - Itaqua Garden Shopping - KIOSQUE",1,30000000000000,"Itaqua Garden Shopping","Arte Telecom Ltda","C","SP","S�o Paulo","Jardim Campo Limpo","Estrada Municipal do Mandi"," 1205 - Quiosque s/n - Piso Superior"," -"," -"," -",,,,,
"Arte Telecom Ltda - KSK Buriti  - KIOSQUE",1,30000000000000,"KSK Buriti ","Arte Telecom Ltda","C","SP ","MOGI GUA��","PEDREGULHAL","RUA FRANCISCO FRANCO DE GODOI BUENO",801," QT 27"," PEDREGULHAL"," MOGI GUA��"," SP"," CEP 13845-180"," -"," -"," -"
"Arte Telecom Ltda - Mogi Shopping - KIOSQUE",1,30000000000000,"Mogi Shopping","Arte Telecom Ltda","B","SP","Mogi das Cruzes","Centro","Av. Vereador Narciso Yague� Gumaraes "," N 1001� Quiosque 23 A"," -"," -"," -",,,,,
"Arte Telecom Ltda - Novo Shopping Center Ribeir�o Preto - LOJA",1,30000000000000,"Novo Shopping Center Ribeir�o Preto","Arte Telecom Ltda","B","SP ","RIBEIR�O PRETO","RIBEIR�NEA","AVENIDA PRESIDENTE KENNEDY"," 1500 - QUIOSQUE K30"," -"," -"," -",,,,,
"Arte Telecom Ltda - Parque Dom Pedro Shopping - LOJA",1,30000000000000,"Parque Dom Pedro Shopping","Arte Telecom Ltda","A","SP","Campinas","Jardim Santa Genebra ","Av. Guilherme Campos"," 500 - Loja 264-265 - Jd. Santa Genebra Campinas (Sp) - Cep 13087-901"," -"," -"," -",,,,,
"Arte Telecom Ltda - Patio Limeira - KIOSQUE",1,30000000000000,"Patio Limeira","Arte Telecom Ltda","C","SP","Limeira","CENTRO ","Rua Carlos Gomes 1321 quiosque 64 "," -"," -"," -",,,,,,
"Arte Telecom Ltda - Polo Indaiatuba Shopping - LOJA",1,30000000000000,"#N/D","#N/D","B","SP","Indaiatuba","#N/D","#N/D"," -"," -"," -",,,,,,
"Arte Telecom Ltda - Ribeir�o Shopping - LOJA",1,30000000000000,"Ribeir�o Shopping","Arte Telecom Ltda","A","SP","Ribeir�o Preto","Jd. California","Av. Cel. Fernando Ferreira Leite"," 1540 - Subsetor Sul 5 - Loja 147"," -"," -"," -",,,,,
"Arte Telecom Ltda - Shopping Butant�  - KIOSQUE",1,30000000000000,"Shopping Butant� ","Arte Telecom Ltda","C","SP","S�o Paulo","BUTANT�","Av. Prof. Francisco Morato"," 2718 � Quiosque: QT-1M"," -"," -"," -",,,,,
"Arte Telecom Ltda - Shopping Campinas - LOJA",1,30000000000000,"Shopping Campinas","Arte Telecom Ltda","C","SP","Campinas","Jardim Do Lago ","R Jacy Teixeira De Camargo"," 940 Quioesque 32�"," -"," -"," -",,,,,
"Arte Telecom Ltda - Shopping Campo Grande - LOJA",1,30000000000000,"Shopping Campo Grande","Arte Telecom Ltda","B","MS","Campo Grande","Santa Fe ","Av Afonso Pena",4909," Loja 2019 A Cep: 79031-900 - Santa Fe - Campo Grande Ms"," -"," -"," -",,,,
"Arte Telecom Ltda - Shopping D - LOJA",1,30000000000000,"Shopping D","Arte Telecom Ltda","C","SP","S�o Paulo","Caninde ","Av. Cruzeiro Do Sul 1.100  Loja 1054 "," -"," -"," -",,,,,,
"Arte Telecom Ltda - Shopping Grand Plaza - LOJA",1,30000000000000,"Shopping Grand Plaza","Arte Telecom Ltda","A","SP","Santo Andr�","Jardim ","Av. Industrial"," 600 Loja 329 Cep 09080-500  Jardim - Santo Andr� (Sp)"," -"," -"," -",,,,,
"Arte Telecom Ltda - Shopping Iguatemi Campinas  - LOJA",1,30000000000000,"Shopping Iguatemi Campinas ","Arte Telecom Ltda","A","SP","Campinas","Vila Brandina ","Av. Iguatemi"," 777 Quiosque Em Frente Da Claro 102 - Cep 13092-500 - Vila Brandina - Campinas - S�o Paulo"," -"," -"," -",,,,,
"Arte Telecom Ltda - Shopping Iguatemi S�o Carlos - KIOSQUE",1,30000000000000,"Shopping Iguatemi S�o Carlos","Arte Telecom Ltda","C","SP","S�o Carlos","Parque Faber Castelli","Passeio Dos Flamboyants, 200 Quiosq: Q - 109; "," -"," -"," -",,,,,,
"Arte Telecom Ltda - Shopping Jaragu�  - KIOSQUE",1,30000000000000,"Shopping Montes Claros","Arte Telecom Ltda / ATYV","C","SP","ARARAQUARA","JARDIM BANDEIRANTES","AV ALBERTO BENASSI 2.270 QUIOSQQ 27 SHOPPING JARAGUA ARA"," -"," -"," -",,,,,,
"Arte Telecom Ltda - Shopping Norte Sul Plaza - KIOSQUE",1,30000000000000,"Shopping do Vale do A�o","Arte Telecom Ltda / ATYV","C","MS","Campo Grande","Jardim J�quei Club","Avenida Presidente Ernesto Geisel"," 2300 - Jardim J�quei Club"," Campo Grande - MS "," -"," -"," -",,,,
"Arte Telecom Ltda - Shopping Parque das Bandeiras - KIOSQUE",1,30000000000000,"Minas Shopping","Arte Telecom Ltda / ATYV","C","SP","Campinas","Jardim Ipaussurama ","Av John Boyd Dunlop "," N 3900 - Quiosque 302 - Piso L3 Cep 13060-803 Campinas Sp"," -"," -"," -",,,,,
"Arte Telecom Ltda - Shopping Suzano - KIOSQUE",1,30000000000000,"Itau Power Shopping","Arte Telecom Ltda / ATYV","C","SP","Suzano","Parque Suzano","R SETE DE SETEMBRO"," 555 - Q 18 - Suzano"," SP (08673-020)"," -"," -"," -",,,,
"Arte Telecom Ltda - Tiete Plaza Shopping - LOJA",1,30000000000000,"Shopping Cidade BH","Arte Telecom Ltda / ATYV","B","SP","S�o Paulo","Pirituba ","Av Raimundo Pereira De Magalhaes",1465," Loja 1079 A Piso Terreo Cep: 05145-000"," Pirituba"," Sao Paulo (Sp)"," -"," -"," -",,
"Arte Telecom Ltda - Tivoli Shopping - KIOSQUE",1,30000000000000,"Shopping Del Rey","Arte Telecom Ltda / ATYV","B","SP","Santa Barbara do Oeste","Jardim S�o Francisco","Av. Santa Barbara, 777 - Quiosq: Mik 711;"," -"," -"," -",,,,,,
"Arte Telecom Ltda / ATYV - BH Shopping - LOJA",1,30000000000000,"Shopping Esta��o BH","Arte Telecom Ltda / ATYV","A","MG","Belo Horizonte","Belvedere ","Rod Br-356"," 3049 Loja: N Bh - 71/72"," -"," -"," -",,,,,
"Arte Telecom Ltda / ATYV - Boulevard Shopping BH - LOJA",1,30000000000000,"Shopping Contagem","Arte Telecom Ltda / ATYV","B","MG","Belo Horizonte","Santa Efigenia ","Av. Dos Andradas"," 3000 Boulevard Shopping Loja 1050 1�piso Bairro Santa Efigenia Cep 30260-070"," -"," -"," -",,,,,
"Arte Telecom Ltda / ATYV - Diamond Mall - LOJA",1,30000000000000,"BH Shopping","Arte Telecom Ltda / ATYV","B","MG","Belo Horizonte","Lourdes ","Avenida Oleg�rio Maciel",1600," Piso 1"," Loja 24A"," Lourdes"," Belo Horizonte - Mg. Cep- 30180-915"," -"," -"," -",
"Arte Telecom Ltda / ATYV - Itau Power Shopping - LOJA",1,30000000000000,"Shopping Sete Lagoas","Arte Telecom Ltda / ATYV","B","MG","Contagem","Cidade Industrial ","Av. General David Sarnoff"," 5160   Loja 161  1�piso   Cep 32210-110  Bairro Cidade Industrial"," -"," -"," -",,,,,
"Arte Telecom Ltda / ATYV - Itu Plaza Shopping - KIOSQUE","Aguardando CNPJ","Diamond Mall","Arte Telecom Ltda / ATYV","C","SP","Itu","S�o Luis","Avenida Dr. Ermelindo Maffei, 1199 - Quiosq: Samsung
S�o Luis � CEP: 13304-305 
"," -"," -"," -",,,,,,,
"Arte Telecom Ltda / ATYV - Minas Shopping - LOJA",1,30000000000000,"Boulevard Shopping BH","Arte Telecom Ltda / ATYV","B","MG","Belo Horizonte","Uniao ","Av Cristiano Machado 4000 - : Minas Shopping; Loja: 160 - 1 Piso - Cep: 31160-900 - Uni�o - Belo Horizonte (Mg)"," -"," -"," -",,,,,,
"Arte Telecom Ltda / ATYV - Shopping Cidade BH - LOJA",1,30000000000000,"Shopping Rio Claro","Arte Telecom Ltda / ATYV","B","MG","Belo Horizonte","Centro","Rua Rio de Janeiro, 910 Edif.: Shopping Cidade; Piso Goitacases Loja G04"," -"," -"," -",,,,,,
"Arte Telecom Ltda / ATYV - Shopping Contagem - LOJA",1,30000000000000,"Itu Plaza Shopping","Arte Telecom Ltda / ATYV","C","MG","Contagem","Ressaca ","Avenida Severino Ballesteros"," 99 Ressaca- 32110-005- Contagem"," -"," -"," -",,,,,
"Arte Telecom Ltda / ATYV - Shopping Del Rey - LOJA",1,30000000000000,"Shopping Del Rey","Martinello","B","MG","Belo Horizonte","Caicaras ","Av. Presidente Carlos Luz",3001," Loja 1049"," Cai�aras"," Cep 31250-010"," Belo Horizonte"," Mg"," -"," -"," -"
"Arte Telecom Ltda / ATYV - Shopping do Vale do A�o - KIOSQUE",1,30000000000000,"#N/D","#N/D","C","MG","Ipatinga ","Ipatinga","Av Pedro Linhares Gomes",3900," -"," -"," -",,,,,
"Arte Telecom Ltda / ATYV - Shopping Esta��o BH - LOJA",1,30000000000000,"Shopping Esta��o BH","Martinello","C","MG","Belo Horizonte","Vila Cloris ","Av Cristiano Machado, 11833 - Shopping Estacao Bh; Cep: 31744-007 - Vila Cloris - Belo Horizonte (Mg)"," -"," -"," -",,,,,,
"Arte Telecom Ltda / ATYV - Shopping Montes Claros - KIOSQUE",1,30000000000000,"#N/D","#N/D","C","MG","Montes Claros","Cidade Nova ","Avenida Donato Quintino",90," -"," -"," -",,,,,
"Arte Telecom Ltda / ATYV - Shopping Rio Claro - KIOSQUE",1,3000000000000,"#N/D","#N/D","C","SP","Rio Claro","Rio Claro","Avenida Conde Francisco Matarazzo Junior",205," Vila Paulista"," Rio Claro - SP. Quiosque 60"," -"," -"," -",,,
"Arte Telecom Ltda / ATYV - Shopping Sete Lagoas - LOJA",1,30000000000000,"Shopping Sete Lagoas","Martinello","C","MG","Sete Lagoas","Eldorado ","Av. Ot�vio Campelo Ribeiro 2801 Bairro Eldorado  Cidade De Sete Lagoas - Cep 35702-153 Loja Ssl00280"," -"," -"," -",,,,,,
"Atacadao Dos Eletrodomesticos Do - Cariri Garden Shopping - LOJA",7,10000000000000,"Cariri Garden Shopping","Atacadao Dos Eletrodomesticos Do","C","CE","Juazeiro do Norte","Triangulo","Av Padre Cicero, 2555 Loja: 206/207;"," -"," -"," -",,,,,,
"Atacadao Dos Eletrodomesticos Do - Caruaru Shopping - LOJA",7,10000000000000,"Caruaru Shopping","Atacadao Dos Eletrodomesticos Do","C","PE","Caruaru","Indianopolis ","Av. Adjar Da Silva Case"," 800 Loja 20"," Indian�polis - Caruaru - Pe Cep: 55024-740"," -"," -"," -",,,,
"Atacadao Dos Eletrodomesticos Do - Maceio Shopping - LOJA",7,10000000000000,"Maceio Shopping","Atacadao Dos Eletrodomesticos Do","C","AL","Macei� ","Mangabeiras ","Av Comendador Gustavo Paiva",2990," Loja 296"," Bairo Mangabeiras - Maceio/Alagoas (57032-901)"," -"," -"," -",,,
"Atacadao Dos Eletrodomesticos Do - Mangabeiras - LOJA",7,10000000000000,"Mangabeiras","Atacadao Dos Eletrodomesticos Do","C","PB","Jo�o Pessoa","MANGABEIRA�","AV HILTON SOUTOMAIOR","3901 LOJA P1083/1109 TERREO "," -"," -"," -",,,,,
"Atacadao Dos Eletrodomesticos Do - Natal Shopping - LOJA",7,10000000000000,"Natal Shopping","Atacadao Dos Eletrodomesticos Do","C","RN","Natal","Candelria ","Av Senador Salgado Filho"," 2234 - Loja 384"," Piso L2 - 59064-900 Candelria Natal Rn"," -"," -"," -",,,,
"Atacadao Dos Eletrodomesticos Do - Partage Shopping Mossor� - KIOSQUE",7,10000000000000,"Partage Shopping Mossor�","Atacadao Dos Eletrodomesticos Do","C","RN","Mossor�","Nova Betania ","Av. Jo�o Da Escossia "," N� 1515"," West Shopping Mossor�"," T�rreo"," Bairro: Nova Bet�nia Cep. 59067-330"," -"," -"," -",,
"Atacadao Dos Eletrodomesticos Do - Patio Arapiraca Garden Shopping - LOJA",7,10000000000000,"Patio Arapiraca Garden Shopping","Atacadao Dos Eletrodomesticos Do","C","AL","Arapiraca","Santa Edwings","R Jose Leite Bezerra"," S/N Loja 264 "," -"," -"," -",,,,,
"Atacadao Dos Eletrodomesticos Do - Shopping P�tio Macei� - KIOSQUE",7,10000000000000,"Shopping P�tio Macei�","Atacadao Dos Eletrodomesticos Do","C","AL","Macei�","Cidade Universit�ria","Avenida Menino Marcelo"," n� 3800 � ponto Q-018"," -"," -"," -",,,,,
"B&F Telecomunica��es Ltda - Boulevard Shopping Campos - LOJA",4,91000000000000,"Boulevard Shopping Campos","B&F Telecomunica��es Ltda","B","RJ","Campos dos Goytacazes","Parque Dos Rodoviarios","Av Doutor Silvio Bastos Tavares, 330 Loja 104 I/J Boulevard Shopping Campos 
"," -"," -"," -",,,,,,
"B&F Telecomunica��es Ltda - Capim Dourado Shopping - LOJA",4,91000000000000,"Capim Dourado Shopping","B&F Telecomunica��es Ltda","A","TO","Palmas","Plano Diretor Norte ","107 Norte"," Ns 05 Com Av. Jk - Palmas / To - Cep: 77001-080"," -"," -"," -",,,,,
"B&F Telecomunica��es Ltda - Imperial - LOJA",4,91000000000000,"Imperial","B&F Telecomunica��es Ltda","B","MA","Imperatriz","Entroncamento ","Rod Br-010, 100, : 12 Piso Imperial Shopping; Cep: 65913-460; Entroncamento; Imperatriz (Ma)"," -"," -"," -",,,,,,
"B&F Telecomunica��es Ltda - North Shopping Fortaleza - KIOSQUE",4,91000000000000,"North Shopping Fortaleza","B&F Telecomunica��es Ltda","C","CE","Fortaleza","Sao Geraldo ","Av Bezerra De Menezes"," 2450 - Q1 13 - Cep: 60325-002 - Sao Geraldo Fortaleza (Ce)"," -"," -"," -",,,,,
"B&F Telecomunica��es Ltda - North Shopping Fortaleza 2 - LOJA",4,91000000000000,"North Shopping Fortaleza 2","B&F Telecomunica��es Ltda","C","CE","Fortaleza","S�o Geraldo�","Av Bezerra De Menezes","2450 Loja 442/443"," -"," -"," -",,,,,
"B&F Telecomunica��es Ltda - North Shopping Maracanau - LOJA",4,91000000000000,"North Shopping Maracanau","B&F Telecomunica��es Ltda","C","CE","Maracanau ","Centro ","Av. Senador Carlos Jereissati"," N 100","  Centro - Maracanau - Ce - Quiosque 31. "," -"," -"," -",,,,
"B&F Telecomunica��es Ltda - North Shopping Sobral - KIOSQUE",4,91000000000000,"North Shopping Sobral","B&F Telecomunica��es Ltda","C","CE","Sobral","Dom Expedito","Av. Monsenhor Alo�sio Pinto"," 300 (QUIOSQUE 05 - TERREO) - Dom Expedito"," Sobral - CE"," -"," -"," -",,,,
"B&F Telecomunica��es Ltda - Partage Shopping S�o Gon�alo - LOJA",4,91000000000000,"Partage Shopping S�o Gon�alo","B&F Telecomunica��es Ltda","B","RJ","S�o Gon�alo","Centro","Avn Presidente Kennedy","425 Sala Comercial 155 Piso L1"," -"," -"," -",,,,,
"B&F Telecomunica��es Ltda - Patio Mix Teixeira de Freitas - LOJA",4,91000000000000,"Patio Mix Teixeira de Freitas","B&F Telecomunica��es Ltda","C","BA","Teixeira de Freitas","Fazenda Imperial","Av. S�o Paulo"," N�2575  Loja 1075 Shopping Patio Mix - Bairro Vila Verde "," -"," -"," -",,,,,
"B&F Telecomunica��es Ltda - S�o Gon�alo Shopping - LOJA",4,91000000000000,"S�o Gon�alo Shopping","B&F Telecomunica��es Ltda","B","RJ","S�o Gon�alo","Boa Vista ","Avn Sao Goncalo","100 Ljs 213/214 A Piso L2 S.G.Shopping Boa Vista S�o Gon�alo- "," -"," -"," -",,,,,
"B&F Telecomunica��es Ltda - S�o Luis Shopping - LOJA",4,91000000000000,"S�o Luis Shopping","B&F Telecomunica��es Ltda","B","MA","S�o Luis","Jaracaty ","Av. Professor Carlos Cunha"," 1.000 Loja 204 Lee S�o Luis - Ma Cep: 65076-907 "," -"," -"," -",,,,,
"B&F Telecomunica��es Ltda - Shopping Campo Limpo - LOJA",4,91000000000000,"Shopping Campo Limpo","B&F Telecomunica��es Ltda","C","SP","S�o Paulo","Vila Prel ","Est Do Campo Limpo"," 459 loja 361"," -"," -"," -",,,,,
"B&F Telecomunica��es Ltda - Shopping Conquista Sul - LOJA",4,91000000000000,"Shopping Conquista Sul","B&F Telecomunica��es Ltda","B","BA","Vit�ria da Conquista","Boa Vista ","Av. Juracy Magalhaes"," 3340 Bairro Boa Vista Municipio Vitoria Da Conquista Loja 47 E 48 Cep 45026-090"," -"," -"," -",,,,,
"B&F Telecomunica��es Ltda - Shopping da Ilha - LOJA",4,91000000000000,"Shopping da Ilha","B&F Telecomunica��es Ltda","A","MA","S�o Luis","Cohama ","Av Daniel De La Touche, 987 - Loja: 213 D/E/F/M/N; Cep: 65074-115 - Cohama - S�o Luis - Ma"," -"," -"," -",,,,,,
"B&F Telecomunica��es Ltda - Shopping Del Paseo - KIOSQUE",4,91000000000000,"Shopping Del Paseo","B&F Telecomunica��es Ltda","C","CE","Fortaleza","Aldeota ","Av Santos Dumont"," 3131 Shopping Del Paseo Hall L2"," -"," -"," -",,,,,
"B&F Telecomunica��es Ltda - Shopping Granja Viana - LOJA",4,91000000000000,"Shopping Granja Viana","B&F Telecomunica��es Ltda","B","SP","Cotia","Granja Viana ","Endere�o : Rod Raposo Tavares"," 400 � Luc 367 Piso L2 Shop Granja Vianna � Cep 06707-000 � Cotia / Sp"," -"," -"," -",,,,,
"B&F Telecomunica��es Ltda - Shopping Jequitiba - LOJA",4,91000000000000,"Shopping Jequitiba","B&F Telecomunica��es Ltda","B","BA","Itabuna","Jardim Vitoria ","Av Aziz Maron, S/N Loja Lah26A 
"," -"," -"," -",,,,,,
"B&F Telecomunica��es Ltda - Shopping Metropolitano Barra - LOJA",4,91000000000000,"Shopping Metropolitano Barra","B&F Telecomunica��es Ltda","C","RJ","Rio de Janeiro","Jacarepagua ","Av Ns Paa 10292 Pal 38883","135 Piso L1 Loja 1057"," -"," -"," -",,,,,
"B&F Telecomunica��es Ltda - Shopping Palmas - KIOSQUE",4,91000000000000,"Shopping Palmas","B&F Telecomunica��es Ltda","C","TO","Palmas","Plano Diretor Sul ","Q 101 Sul Nsa"," Conj 02"," Lote 10"," Q 07"," Palmas Shopping"," S/N Cep: 77015-972 Plano Diretor Sul Palmas (To)"," -"," -"," -",
"B&F Telecomunica��es Ltda - Shopping Plaza Macae - LOJA",4,91000000000000,"Shopping Plaza Macae","B&F Telecomunica��es Ltda","B","RJ","Maca�","Granja dos Cavaleiros","Av Aloisio da Silva Gomes"," 800 loja 104"," -"," -"," -",,,,,
"B&F Telecomunica��es Ltda - Shopping Rio Anil - LOJA",4,91000000000000,"Shopping Rio Anil","B&F Telecomunica��es Ltda","B","MA","S�o Luis","Turu ","Av Sao Luis Rei De Franca"," 08 Loja: 1048 Cep: 65065-470 Turu S�o Luis (Ma)"," -"," -"," -",,,,,
"B&F Telecomunica��es Ltda - Shopping Taubat�  - KIOSQUE",4,91000000000000,"Shopping Taubat� ","B&F Telecomunica��es Ltda","C","SP ","Taubate ","Vila Costa","Avenida Charles Schnneider - QUIOSQUE 17"," -"," -"," -",,,,,,
"B&F Telecomunica��es Ltda - Shopping Tocantins - KIOSQUE",4,91000000000000,"Shopping Tocantins","B&F Telecomunica��es Ltda","C","MA","Imperatriz","Centro ","R Piaui, 580,  1 Piso; Quiosq: Q12; : Tocantins Shopping; : Center; Cep: 65901-600, Centro, Imperatriz - Ma"," -"," -"," -",,,,,,
"B&F Telecomunica��es Ltda - Via Parque Shopping - KIOSQUE",4,91000000000000,"Via Parque Shopping","B&F Telecomunica��es Ltda","C","RJ ","Rio de Janeiro","Barra da Tijuca","AVENIDA AYRTON SENNA 3000 KSK 25 "," -"," -"," -",,,,,,
"B&F Telecomunica��es Ltda - Via Vale Garden Shopping - LOJA",4,91000000000000,"Via Vale Garden Shopping","B&F Telecomunica��es Ltda","B","SP","Taubate ","Jardim Baronesa ","Avenida Dom Pedro I"," 7181 Loja 20 - Piso L1 - Via Vale Garden Shopping Jardim Baronesa Cep 12091-000 Taubate"," -"," -"," -",,,,,
"C I L Comercio De Informatica Ltda (Nagem) - Guararapes - LOJA",2,410000000000000,"Guararapes","C I L Comercio De Informatica Ltda (Nagem)","B","PE","Jaboat�o dos Guararapes","Piedade","AV BARRETO DE MENEZES"," 800 SUC 237"," -"," -"," -",,,,,
"C I L Comercio De Informatica Ltda (Nagem) - Iguatemi Fortaleza - LOJA",2,410000000000000,"Iguatemi Fortaleza","C I L Comercio De Informatica Ltda (Nagem)","B","CE","Fortaleza","Edson Queiroz ","Av. Washington Soares"," 85 - �gua Fria - Fortaleza - (Loja 603)"," -"," -"," -",,,,,
"C I L Comercio De Informatica Ltda (Nagem) - Manaira Shopping - LOJA",2,410000000000000,"Manaira Shopping","C I L Comercio De Informatica Ltda (Nagem)","B","PB","Jo�o Pessoa","Loteamento Parque Verde ","Av Governador Flavio Ribeiro Coutinho"," 220  - Loja T0401 Piso Terreo - Cep: 58310-000 - Loteamento Parque Verde - Cabedelo (Pb)"," -"," -"," -",,,,,
"C I L Comercio De Informatica Ltda (Nagem) - Midway Mall - LOJA",2,410000000000000,"Midway Mall","C I L Comercio De Informatica Ltda (Nagem)","B","RN","Natal","Tirol","Av Bernardo Vieira"," 3775 - Loja 372 E 372A Piso L3 Shopping Midway Mall - Cep: 59015-900 - Tirol - Natal (Rn)"," -"," -"," -",,,,,
"C I L Comercio De Informatica Ltda (Nagem) - Osasco Plaza Shopping - LOJA",2,410000000000000,"Osasco Plaza Shopping","C I L Comercio De Informatica Ltda (Nagem)","C","SP","Osasco","Centro ","R Tenente Avelar Pires De Azevedo"," 81 Loja 158/9 "," -"," -"," -",,,,,
"C I L Comercio De Informatica Ltda (Nagem) - Plaza Casa Forte - LOJA",2,410000000000000,"Plaza Casa Forte","C I L Comercio De Informatica Ltda (Nagem)","C","PE","Recife","Casa Forte","Rua Doutor Jo�o Santos Filho"," 255 - Piso L3 - Espa�o comercial 156/157"," -"," -"," -",,,,,
"C I L Comercio De Informatica Ltda (Nagem) - S�o Bernardo Plaza Shopping - LOJA",2,410000000000000,"S�o Bernardo Plaza Shopping","C I L Comercio De Informatica Ltda (Nagem)","C","SP","S�o Bernardo","Centro ","Av. Rotary"," 624 -Loja 2776 Piso L2 "," -"," -"," -",,,,,
"C I L Comercio De Informatica Ltda (Nagem) - Shopping Aricanduva - LOJA",2,410000000000000,"Shopping Aricanduva","C I L Comercio De Informatica Ltda (Nagem)","B","SP","S�o Paulo","Jardim Aricanduva","Av Aricanduva",5555," Jardim Aricanduva - S�o Paulo/SP (CEP 03527-009) Loja 238"," -"," -"," -",,,,
"C I L Comercio De Informatica Ltda (Nagem) - Shopping Ibirapuera - LOJA",2,410000000000000,"Shopping Ibirapuera","C I L Comercio De Informatica Ltda (Nagem)","B","SP","S�o Paulo","Indianapolis ","Av Ibirapuera"," 3103 - Suc 61 Piso Campo Belo Shopping Center Ibirapuera Cep: 04029-902 Indianapolis - Sao Paulo - Sp"," -"," -"," -",,,,,
"C I L Comercio De Informatica Ltda (Nagem) - Shopping Interlagos - LOJA",2,410000000000000,"Shopping Interlagos","C I L Comercio De Informatica Ltda (Nagem)","B","SP","S�o Paulo","Jardim Umuarama ","Av Interlagos",2255," Arco 259/260"," Bairo Jardim Umuarama - Sao Paulo/Sp (04661-903)"," -"," -"," -",,,
"C I L Comercio De Informatica Ltda (Nagem) - Shopping Internacional de Guarulhos - LOJA",2,410000000000000,"Shopping Internacional de Guarulhos","C I L Comercio De Informatica Ltda (Nagem)","B","SP","Guarulhos","Itapegica ","R Engenheiro Camilo Olivetti 295 Loja L04 E L05 Piso Superior Inter Shop Guarulhos Cep: 07042-040 Itapegica - Guarulhos"," -"," -"," -",,,,,,
"C I L Comercio De Informatica Ltda (Nagem) - Shopping Jardim Sul - LOJA",2,410000000000000,"Shopping Jardim Sul","C I L Comercio De Informatica Ltda (Nagem)","B","SP","S�o Paulo","Morumbi ","Av. Giovanni Gronchi"," 5819 - Loja 417"," 418 E 419 Piso 2 Shopping Jardim Sul - Morumbi"," S�o Paulo"," Cep: 05724-020"," -"," -"," -",,
"C I L Comercio De Informatica Ltda (Nagem) - Shopping Jardins - KIOSQUE",2,410000000000000,"Shopping Jardins","C I L Comercio De Informatica Ltda (Nagem)","C","SE","Aracaju","Jardins ","Av Ministro Geraldo Barreto Sobral"," 215 - Quiosq: 24 - Cep: 49026-010 - Jardins - Aracaju(Se)"," -"," -"," -",,,,,
"C I L Comercio De Informatica Ltda (Nagem) - Shopping Metropole - LOJA",2,410000000000000,"Shopping Metropole","C I L Comercio De Informatica Ltda (Nagem)","C","SP","S�o Bernardo","Centro ","Pra�a Samuel Sabatini"," 200 - Loja 224 E 225 "," -"," -"," -",,,,,
"C I L Comercio De Informatica Ltda (Nagem) - Shopping Patio Paulista - LOJA ",2,410000000000000,"Shopping Patio Paulista","C I L Comercio De Informatica Ltda (Nagem)","B","SP","S�o Paulo","Bela Vista ","R Treze De Maio"," 1947 - piso paulista"," -"," -"," -",,,,,
"C I L Comercio De Informatica Ltda (Nagem) - Shopping Plaza Sul - LOJA",2,410000000000000,"Shopping Plaza Sul","C I L Comercio De Informatica Ltda (Nagem)","B","SP","S�o Paulo","Jardim Saude ","Pra�a Leonor Kaupa"," 100 - Loja 181 Piso Imigrantes"," -"," -"," -",,,,,
"C I L Comercio De Informatica Ltda (Nagem) - Shopping Premio - LOJA",2,410000000000000,"Shopping Premio","C I L Comercio De Informatica Ltda (Nagem)","C","SE","Nossa Senhorado Socorro","Conjunto Marcos Freire I ","Av Coletora , A Loja 71 E 72  S/N
"," -"," -"," -",,,,,,
"C I L Comercio De Informatica Ltda (Nagem) - Shopping Recife - KIOSQUE",2,410000000000000,"Shopping Recife","C I L Comercio De Informatica Ltda (Nagem)","B","PE","Recife","Boa Viagem","Shopping Recife"," R. Padre Carapuceiro",777," -"," -"," -",,,,
"C I L Comercio De Informatica Ltda (Nagem) - Shopping Recife - KIOSQUE",2,410000000000000,"Shopping Recife","C I L Comercio De Informatica Ltda (Nagem)","C","PE","Recife","Boa Viagem","Shopping Recife"," R. Padre Carapuceiro",777," -"," -"," -",,,,
"C I L Comercio De Informatica Ltda (Nagem) - Shopping Rio Mar Aracaju - KIOSQUE",2,410000000000000,"Shopping Rio Mar Aracaju","C I L Comercio De Informatica Ltda (Nagem)","C","SE","Aracaju","Coroa Do Meio ","Av Luiz Lua Gonzaga,400 - Quiosq: Q206; Cep: 49035-500 - Coroa Do Meio - Aracaju(Se)"," -"," -"," -",,,,,,
"C I L Comercio De Informatica Ltda (Nagem) - Shopping Rio Mar Fortaleza - LOJA",2,410000000000000,"Shopping Rio Mar Fortaleza","C I L Comercio De Informatica Ltda (Nagem)","C","CE","Fortaleza","Papicu","R Lauro Nogueira, 1355 : Luc 1140; "," -"," -"," -",,,,,,
"C I L Comercio De Informatica Ltda (Nagem) - Shopping RioMar Recife - LOJA",2,410000000000000,"Shopping RioMar Recife","C I L Comercio De Informatica Ltda (Nagem)","B","PE","Recife","Pina ","Av. Rep�blica Do L�bano"," 251 - Loja 1141"," Sc 109 Do Piso L1 - Pina -  Recife (Pe) - Cep: 51110-160"," -"," -"," -",,,,
"C I L Comercio De Informatica Ltda (Nagem) - Shopping SP Market - LOJA",2,410000000000000,"Shopping SP Market","C I L Comercio De Informatica Ltda (Nagem)","C","SP","S�o Paulo","Socorro ","Av Das Nacoes Unidas"," 22.540 - Loja A6-23 Shopping Sp Market Center Cep: 04795-000 - Socorro - Sp"," -"," -"," -",,,,,
"C I L Comercio De Informatica Ltda (Nagem) - Shopping Super Osasco  - KIOSQUE",2,410000000000000,"Shopping Super Osasco ","C I L Comercio De Informatica Ltda (Nagem)","C","SP ","Osasco","Industrial Autonomistas","�Avenida dos Autonomistas",1768," -"," -"," -",,,,,
"C I L Comercio De Informatica Ltda (Nagem) - Shopping Uni�o de Osasco - LOJA",2,410000000000000,"Shopping Uni�o de Osasco","C I L Comercio De Informatica Ltda (Nagem)","B","SP","Osasco","Vila Yara ","Av Dos Autonomistas"," 1400 Arco 305 "," -"," -"," -",,,,,
"C I L Comercio De Informatica Ltda (Nagem) - Tacaruna - LOJA",2,410000000000000,"Tacaruna","C I L Comercio De Informatica Ltda (Nagem)","C","PE","Recife","Santo Amaro ","AV GOVERNADOR AGAMENON MAGALHAES S/N, 153 LUC 47 ; : 1 PAVIMENTO; "," -"," -"," -",,,,,,
"Cs Sao Paulo Comercio De Eletronicos Ltda  - Center Shopping Uberlandia - LOJA",1,840000000000000,"Center Shopping Uberlandia","Cs Sao Paulo Comercio De Eletronicos Ltda ","C","MG","Uberlandia","Tibery ","Av Joao Naves De Avila"," 1331 - Loja: 1214 - Cep: 38405-140 Tibery Uberlandia Mg"," -"," -"," -",,,,,
"Cs Sao Paulo Comercio De Eletronicos Ltda  - Shopping Center 3 - LOJA",1,840000000000000,"Shopping Center 3","Cs Sao Paulo Comercio De Eletronicos Ltda ","C","SP","S�o Paulo","Bela Vista ","Av Paulista 2064 - Loja: Luc A-41 B"," -"," -"," -",,,,,,
"Cs Sao Paulo Comercio De Eletronicos Ltda  - Shopping Frei Caneca - LOJA",1,840000000000000,"Shopping Frei Caneca","Cs Sao Paulo Comercio De Eletronicos Ltda ","C","SP","S�o Paulo","Consolacao ","Rua Frei Caneca"," 569 - Loja 310 "," -"," -"," -",,,,,
"Cs Sao Paulo Comercio De Eletronicos Ltda  - Shopping Metro Itaquera - LOJA",1,840000000000000,"Shopping Metro Itaquera","Cs Sao Paulo Comercio De Eletronicos Ltda ","B","SP","S�o Paulo","Vila Campanela ","Av Jose Pinheiro Borges, S/N,  Espa�o Comercpial 158; Vila Campanela, S�o Paulo-Sp"," -"," -"," -",,,,,,
"Cs Sao Paulo Comercio De Eletronicos Ltda  - Shopping Penha - LOJA",1,840000000000000,"Shopping Penha","Cs Sao Paulo Comercio De Eletronicos Ltda ","C","SP","S�o Paulo","Penha De Franca ","R Doutor Joao Ribeiro 304 : Espaco De Uso Com.; : Euc N 2108/11; : Piso Antonio Lobo; 
"," -"," -"," -",,,,,,
"Cs Sao Paulo Comercio De Eletronicos Ltda  - Shopping Tabo�o - LOJA",1,840000000000000,"Shopping Tabo�o","Cs Sao Paulo Comercio De Eletronicos Ltda ","C","SP","Tabo�o da Serra","Cidade Intercap","Rodovia R�gis Bittencourt",271,"5 loja 51"," -"," -"," -",,,,
"Cs Sao Paulo Comercio De Eletronicos Ltda  - Uberaba Shopping - LOJA",1,840000000000000,"Uberaba Shopping","Cs Sao Paulo Comercio De Eletronicos Ltda ","C","MG","Uberaba ","Sao Benedito ","Av Santa Beatriz Da Silva, 1501 : Suc 256; Cep: 38020-433 Sao Benedito Uberaba Mg"," -"," -"," -",,,,,,
"Esb Telefones Ltda - Salvador Norte Shopping - LOJA",6,6000000000000,"Salvador Norte Shopping","Esb Telefones Ltda","B","BA","Salvador","Sao Cristovao","Rod Ba-526"," 305 - Salvador Norte Shopping Loja 2004 2 Piso - Cep: 41510-000  - Sao Cristovao - Salvador (Ba)"," -"," -"," -",,,,,
"Esb Telefones Ltda - Salvador Shopping - LOJA",6,6000000000000,"Salvador Shopping","Esb Telefones Ltda","A","BA","Salvador","Caminho Das Arvores ","Av. Tancredo Neves","  3133 - Caminho Das �rvore - Loja 1084 - Salvador (Ba) - Cep: 41820-021"," -"," -"," -",,,,,
"Esb Telefones Ltda - Shopping Barra Salvador - LOJA",6,6000000000000,"Shopping Barra Salvador","Esb Telefones Ltda","B","BA","Salvador","Chame-Chame ","Av Centenario"," 2992 - Loja 149 A L 1 Shopping Barra - Cep: 40155-150 - Chame-Chame - Salvador - Sp"," -"," -"," -",,,,,
"Esb Telefones Ltda - Shopping Bela Vista - KIOSQUE",6,6000000000000,"Shopping Bela Vista","Esb Telefones Ltda","C","BA","Salvador","Horto Bela Vista ","Al Euvaldo Luz"," 92 Quiosque Q19","1 Piso L1 "," -"," -"," -",,,,
"Esb Telefones Ltda - Shopping da Bahia Piso 1 - LOJA",6,6000000000000,"Shopping da Bahia Piso 1","Esb Telefones Ltda","C","BA","Salvador","Caminho Das Arvores ","Avenida Tancredoneves"," 148 Loja09 E 10 Quadrab"," -"," -"," -",,,,,
"Esb Telefones Ltda - Shopping da Bahia Piso 3 - LOJA",6,6000000000000,"Shopping da Bahia Piso 3","Esb Telefones Ltda","A","BA","Salvador","Caminho Das Arvores ","Av.Tancredo Neves N� 148"," Loja 1 A 3"," 3� Piso"," Quadra X Caminho Das Arvores"," Cep 41820-908"," Salvador/Ba."," -"," -"," -",
"Esb Telefones Ltda - Shopping Lapa - KIOSQUE",6,6000000000000,"Shopping Lapa","Esb Telefones Ltda","C","BA","Salvador","Caminho Das Arvores ","Av Tancredo Neves, 148 Loja 09 E 10 Quadrab Shopping Iguatemi 
"," -"," -"," -",,,,,,
"Esb Telefones Ltda - Shopping Paralela - LOJA",6,6000000000000,"Shopping Paralela","Esb Telefones Ltda","B","BA","Salvador","Paralela ","Av Luiz Viana Filho"," 8544 - Quadra E"," Loja 106"," 1� Piso - Cep: 41701-005 Paralela - Salvador (Ba)"," -"," -"," -",,,
"Infostore Computadores Da Amazonia Ltda - Amazonas Shopping - LOJA",2,34000000000000,"Amazonas Shopping","Infostore Computadores Da Amazonia Ltda","B","AM","Manaus","Parque Dez De Novembro","Av. Djalma Batista"," 482 -  Lj. 143 - 1� Piso - Flores - Manaus (Am) - Cep: 69050-010"," -"," -"," -",,,,,
"Infostore Computadores Da Amazonia Ltda - Boulevard Shopping B�lem - KIOSQUE",2,34000000000000,"Boulevard Shopping B�lem","Infostore Computadores Da Amazonia Ltda","C","PA","Bel�m","Reduto ","Av: Visconde de Souza Franco"," 776 - Complemento - Quiosque -113"," -Reduto- B�lem/PA - Cep: 66.053-000"," -"," -"," -",,,,
"Infostore Computadores Da Amazonia Ltda - Boulevard Shopping Belem - LOJA",2,34000000000000,"Boulevard Shopping Belem","Infostore Computadores Da Amazonia Ltda","A","PA","Bel�m","Reduto ","Av. Visconde De Souza Franco"," 776 Lj. 110 - Reduto - Bel�m (Pa) - Cep: 66053-000"," -"," -"," -",,,,,
"Infostore Computadores Da Amazonia Ltda - Manauara Shopping - LOJA",2,34000000000000,"Manauara Shopping","Infostore Computadores Da Amazonia Ltda","A","AM","Manaus","Adrianopolis ","Av Mario Ypiranga 1300 Loja 67/68  1� Piso Manauara Shop - Cep: 69057-002 Adrianopolis - Manaus (Am)"," -"," -"," -",,,,,,
"Infostore Computadores Da Amazonia Ltda - Parque Shopping Belem - LOJA",2,34000000000000,"Parque Shopping Belem","Infostore Computadores Da Amazonia Ltda","C","PA","Bel�m","Parque Verde ","Rod. Augusto Montenegro, 4300 Loja 1027/1028 1�Piso; Parque Verde - Bel�m - Pa "," -"," -"," -",,,,,,
"Infostore Computadores Da Amazonia Ltda - Partage Shopping Parauapebas - LOJA",2,34000000000000,"Partage Shopping Parauapebas","Infostore Computadores Da Amazonia Ltda","C","PA","Parauapebas","NUCLEO RES. E DE SERV. CARAJAS�","ROD PA 275 KM 61,6 LOTE 01A, LOJA: 44/45 ; : PARTAGE SHOPPING ; PARAUAPEBAS - QUADRA S/N; "," -"," -"," -",,,,,,
"Infostore Computadores Da Amazonia Ltda - Porto Velho Shopping - LOJA",2,34000000000000,"Porto Velho Shopping","Infostore Computadores Da Amazonia Ltda","B","RO","Porto Velho","Flodoaldo Pontes Pinto ","Av Rio Madeira"," 3288 - Loja 230/231 2 Piso Porto Velho Shopping - Cep: 76820-408 - Flodoaldo Pontes Pinto - Porto Velho - Ro"," -"," -"," -",,,,,
"Infostore Computadores Da Amazonia Ltda - Shopping Patio Belem - LOJA",2,34000000000000,"Shopping Patio Belem","Infostore Computadores Da Amazonia Ltda","B","PA","Bel�m","Batista Campos ","Tv Padre Eutiquio"," 1078 Loja 120 1� Piso - Shopping P�tio Bel�m Cep 66023-710 Batista Campos"," -"," -"," -",,,,,
"Infostore Computadores Da Amazonia Ltda - Shopping Patio Maraba - LOJA",2,34000000000000,"Shopping Patio Maraba","Infostore Computadores Da Amazonia Ltda","B","PA","Marab�","Nova Maraba ","Q Quadra 15 Folha 30 Loe 10 S/N - Loja 248/249 2 Piso Shopping Center Patio Maraba - Cep: 68507-445 - Nova Maraba - Maraba (Pa)"," -"," -"," -",,,,,,
"Infostore Computadores Da Amazonia Ltda - Shopping Ponta Negra - LOJA",2,34000000000000,"Shopping Ponta Negra","Infostore Computadores Da Amazonia Ltda","C","AM","Manaus","Ponta Negra ","Av Cel Teixeira"," 5705 - Loja 68 1 Piso Shopping Ponta Negra - Cep: 69037-000 - Ponta Negra - Manaus (Am)"," -"," -"," -",,,,,
"Infostore Computadores Da Amazonia Ltda - Sumauma Park Shopping  - LOJA",2,34000000000000,"Sumauma Park Shopping ","Infostore Computadores Da Amazonia Ltda","C","AM","Manaus","Cidade Nova ","Av. Noel Nutel  N� 1762 PISO ARARA"," LOJAS 2077","2078). "," -"," -"," -",,,,
"Infostore Computadores Da Amazonia Ltda - Via Verde Shopping - LOJA",2,34000000000000,"Via Verde Shopping","Infostore Computadores Da Amazonia Ltda","B","AC","Rio Branco","Floresta Sul ","Est Da Floresta"," 2320 - Loja 20/21/22 1 Piso Do Via Verde Shopping- Cep: 69912-900 - Floresta Sul- Rio Branco (Ac)"," -"," -"," -",,,,,
"Jufap Administracao E Participacao - Boulevard Londrina  - KIOSQUE",8,120000000000000,"Boulevard Londrina ","Jufap Administracao E Participacao","C","PR","Londrina","Helena ","Av. Theodoro Victorelli"," 150 - Quiosque MIK-714"," -"," -"," -",,,,,
"Jufap Administracao E Participacao - Maring� Park Shopping - KIOSQUE",8,120000000000000,"Maring� Park Shopping","Jufap Administracao E Participacao","C","PR","Maring�","Helena ","Av. S�o Paulo"," 1099 � Quiosque Q130 � 1� Piso"," -"," -"," -",,,,,
"Jufap Administracao E Participacao - Park Shopping Barigui - KIOSQUE",8,120000000000000,"Park Shopping Barigui","Aquilon Telecomunica��es Ltda","B","PR","Curitiba","Mossungue ","Rua: Pedro Viriato Parigot De Sousa"," 600 - Cep 81200-100 - Loja Luc 275 - Mossungue  - Curitiba (Pr)"," -"," -"," -",,,,,
"Jufap Administracao E Participacao - Shopping Avenida Center - KIOSQUE",8,120000000000000,"#N/D","#N/D","C","PR","Maring�","Centro","Av. S�o Paulo"," 763 - Q-002 1 piso Maringa Bairro zona 09"," -"," -"," -",,,,,
"Jufap Administracao E Participacao - Shopping Center S�o Jose - KIOSQUE",8,120000000000000,"Shopping Center S�o Jose","Jufap Administracao E Participacao","C","PR","S�o Jos� dos Pinhais","Centro","R Izabel A Redentora"," 1434 Quiosque Q-103 Shopping Sao Jose "," -"," -"," -",,,,,
"Jufap Administracao E Participacao - Shopping Palladium - KIOSQUE",8,120000000000000,"Shopping Palladium","Jufap Administracao E Participacao","B","PR","Curitiba","Portao ","Av. Presidente Kennedy"," 4121 - Loja Q-118 Shop Palladium - Cep: 80610-905 - Port�o - Curitiba"," -"," -"," -",,,,,
"Kadri Comercio De Eletronicos Ltda - Goiabeiras Shopping - LOJA",1,3000000000000,"Goiabeiras Shopping","Kadri Comercio De Eletronicos Ltda","C","MT","Cuiab�","Duque De Caxias ","Av General Neves"," 121 - Loja 177 Shopping Center Goiabeiras - Cep: 78043-256 Duque De Caxias - Cuiab� Mt"," -"," -"," -",,,,,
"Kadri Comercio De Eletronicos Ltda - Goiabeiras Shopping Kiosk - KIOSQUE",1,3000000000000,"Goiabeiras Shopping","Kadri Comercio De Eletronicos Ltda","C","MT","Cuiab�","Duque De Caxias ","Av General Neves"," 121 - Loja 177 Shopping Center Goiabeiras - Cep: 78043-256 Duque De Caxias - Cuiab� Mt"," -"," -"," -",,,,,
"Kadri Comercio De Eletronicos Ltda - Rondon Plaza Shopping - LOJA",1,3000000000000,"Rondon Plaza Shopping","Martinello","C","MT","Rondon�polis","Parque Sagrada Familia ","Av Rotary Internacional"," 1950 - Edif Rondon Plaza Shoppinsala Loja 208/09-A - Cep 78735-219 -N Parque Sagrada Familia - Rondonopolis - Mt"," -"," -"," -",,,,,
"Kadri Comercio De Eletronicos Ltda - Shopping 3 Americas - KIOSQUE",1,3000000000000,"Shopping 3 Americas","Kadri Comercio De Eletronicos Ltda","C","MT","Cuiab�","Jardim Das Americas","Av Brasilia"," 146 - Qp-02 1 Piso Bloco B Shopping Tres Americas - Cep: 78060-601 - Jardim Das Americas - Cuiaba (Mt)"," -"," -"," -",,,,,
"Kadri Comercio De Eletronicos Ltda - Shopping Pantanal - LOJA",1,3000000000000,"Shopping Pantanal","Kadri Comercio De Eletronicos Ltda","A","MT","Cuiab�","Bosque Da Saude ","Av. Historiador Rubens De Mendonca"," 3300 Complemento Sala 2026 E 2027. Cep 78050-000  Bairro Distrito Bosque Da Saude "," -"," -"," -",,,,,
"Kadri Comercio De Eletronicos Ltda - Shopping Pantanal Kiosk - KIOSQUE",1,3000000000000,"Shopping Pantanal Kiosk","Kadri Comercio De Eletronicos Ltda","C","MT","Cuiab�","Bosque Da Saude ","Av. Historiador Rubens De Mendon�a"," 3300. Quiosque 320 Shopping Pantanal. Cep 78050-000  Bairro Distrito Bosque Da Saude "," -"," -"," -",,,,,
"Kadri Comercio De Eletronicos Ltda - Shopping Pantanal Kiosk 2 - KIOSQUE",1,3000000000000,"Shopping Pantanal Kiosk 2","Kadri Comercio De Eletronicos Ltda","C","MT","Cuiab�","Bosque Da Saude ","Av. Historiador Rubens De Mendonca"," 3300 Complemento QUIOSQUE Q-103A PISO 1. Cep 78050-000  Bairro Distrito Bosque Da Saude "," -"," -"," -",,,,,
"Kadri Comercio De Eletronicos Ltda - Shopping Varzea Grande - LOJA",1,3000000000000,"Shopping Varzea Grande","Martinello","C","MT","Varzea Grande","Centro Sul","Rua Filinto Muller S/N"," Lote 01 a 15 Quadra 02 Lj 208"," -"," -"," -",,,,,
"Mastercell Com De Eletronicos Ltda - Balneario Camboriu Shopping - LOJA",2,46000000000000,"Balneario Camboriu Shopping","Mastercell Com De Eletronicos Ltda","A","SC","Camboriu","Dos Estados ","Av. Santa Catarina"," 01 Sala 01 L150 Bairro Dos Estados Cep 88.339-005 Balne�rio Camburiu"," -"," -"," -",,,,,
"Mastercell Com De Eletronicos Ltda - Continente Park Shopping - LOJA",2,46000000000000,"Continente Park Shopping","Mastercell Com De Eletronicos Ltda","B","SC","S�o Jos�","Distrito Industrial ","Rod Br 101 - Sn - Km 211 Sala L104 - Cep: 88104-800 - Distrito Industrial - S�o Jos� (Sc)"," -"," -"," -",,,,,,
"Mastercell Com De Eletronicos Ltda - Farol Shopping - LOJA",2,46000000000000,"Farol Shopping","Mastercell Com De Eletronicos Ltda","C","SC","Tubarao","Aeroporto ","Av Marcolino Martins Cabral"," 2525- LOJA SUC 10 - Farol Shopping"," -"," -"," -",,,,,
"Mastercell Com De Eletronicos Ltda - Itajai Shopping Center - KIOSQUE",2,46000000000000,"Itajai Shopping Center","Mastercell Com De Eletronicos Ltda","C","SC","Itajai","Centro "," Rua Samuel Heusi",234," Quiosque 07  Cep: 88301-320 Centro "," -"," -"," -",,,,
"Mastercell Com De Eletronicos Ltda - Joinville Garten Shopping - LOJA",2,46000000000000,"Joinville Garten Shopping","Mastercell Com De Eletronicos Ltda","B","SC","Joinville","Bom Retiro ","R. Rolf Wiest"," 333 loja 114 Bom Retiro Cep 89223-005 - Joinville"," -"," -"," -",,,,,
"Mastercell Com De Eletronicos Ltda - Lages Garden Shopping - LOJA",2,46000000000000,"Lages Garden Shopping","Mastercell Com De Eletronicos Ltda","C","SC","Lages","Guaruja","Rod Br 282 Km 216�S/N Loja 24 E 25 Lages Guarden Shopping "," -"," -"," -",,,,,,
"Mastercell Com De Eletronicos Ltda - Na��es Shopping - LOJA",2,46000000000000,"Na��es Shopping","Mastercell Com De Eletronicos Ltda","C","SC","Criciuma","Nossa Sra da Saleta","Avenida Jorge Elias De Lucca"," 677 - Bairro Nossa Sra da Saleta / Criciuma - SC (loja 124) CEP 88813-390"," -"," -"," -",,,,,
"Mastercell Com De Eletronicos Ltda - Neumarkt Shopping - LOJA",2,46000000000000,"Neumarkt Shopping","Mastercell Com De Eletronicos Ltda","B","SC","Blumenau","Centro ","R Sete De Setembro"," 1213 - Loja 126  - Cep: 89010-911 - Centro - Blumenau"," -"," -"," -",,,,,
"Mastercell Com De Eletronicos Ltda - Norte Shopping Blumenau - KIOSQUE",2,46000000000000,"Norte Shopping Blumenau","Mastercell Com De Eletronicos Ltda","C","SC","Blumenau","Salto Norte ","Rod Br 470, 3000- Quiosq28 - Cep 89065-800 Bairro Salto Norte 
"," -"," -"," -",,,,,,
"Mastercell Com De Eletronicos Ltda - Shopping Iguatemi Floripa - LOJA",2,46000000000000,"Shopping Iguatemi Floripa","Mastercell Com De Eletronicos Ltda","A","SC","Florian�polis","Santa Monica ","Av. Madre Benvenuta"," 687 - Sala 269 - Cep: 88035-000 - Santa M�nica - Florian�polis (Sc)"," -"," -"," -",,,,,
"Mastercell Com De Eletronicos Ltda - Shopping Iguatemi Floripa - LOJA",2,46000000000000,"Shopping Iguatemi Floripa","Mastercell Com De Eletronicos Ltda","C","SC","Florian�polis","Santa Monica ","Av. Madre Benvenuta"," 687 - Sala 269 - Cep: 88035-000 - Santa M�nica - Florian�polis (Sc)"," -"," -"," -",,,,,
"Mastercell Com De Eletronicos Ltda - Shopping Itagua�u - LOJA",2,46000000000000,"Shopping Itagua�u","Mastercell Com De Eletronicos Ltda","C","SC","S�o Jos�","Barreiros Sede ","R Geroncio Thives"," 1079 Loja 257 Bairro S�o Barreiros Sede"," -"," -"," -",,,,,
"Mastercell Com De Eletronicos Ltda - Shopping Mueller Joinville - KIOSQUE",2,46000000000000,"Shopping Mueller Joinville","Mastercell Com De Eletronicos Ltda","C","SC","Joinville","Centro","Rua Senador Felipe Schmidt"," 235 (ksk18 - 2� Andar) - Centro"," Joinville - SC"," 89201-440"," -"," -"," -",,,
"Mastercell Com De Eletronicos Ltda - Shopping Patio Chapeco - LOJA",2,46000000000000,"Shopping Patio Chapeco","Mastercell Com De Eletronicos Ltda","B","SC","Chapec�","Lider ","Av Fernando Machado",4000," D Loja 06"," Lider - Chapec� - Sc "," -"," -"," -",,,
"Mastercell Com De Eletronicos Ltda - Shopping Via Catarina  - KIOSQUE",2,46000000000000,"Shopping Via Catarina ","Mastercell Com De Eletronicos Ltda","C","SC","Palho�a ","PAGANI","AV AT�LIO PEDRO PAGANI"," N270"," ANDAR 1 QUIOSQUE 3"," CEP 88132-149"," PALHO�A-SC "," -"," -"," -",,
"Mms Do Brasil Ltda - Brisamar Shopping - LOJA",8,34000000000000,"Brisamar Shopping","Mms Do Brasil Ltda","C","SP","S�o Vicente","Centro","R Frei Gaspar"," 365 - Piso 2 loja 211 -  Sao Vicente "," -"," -"," -",,,,,
"Mms Do Brasil Ltda - Litoral Plaza - LOJA",8,34000000000000,"Litoral Plaza","Mms Do Brasil Ltda","B","SP","Praia Grande","TUDE BASTOS (SITIO DO CAMPO)","AV AYRTON SENNA DA SILVA"," 1511 LOJA 62"," -"," -"," -",,,,,
"Mms Do Brasil Ltda - Maua Plaza - LOJA",8,34000000000000,"Maua Plaza","Mms Do Brasil Ltda","C","SP","Maua","Centro","Av Governador Mario Covas Junior (Vl F N Morelli), N�1 Loja: 25/27; "," -"," -"," -",,,,,,
"Mms Do Brasil Ltda - Miramar Shopping - LOJA",8,34000000000000,"Miramar Shopping","Mms Do Brasil Ltda","B","SP","Santos","Gonzaga ","Av Marechal Floriano Peixoto"," 44 - Loja 53 - Cep: 11060-300 Gonzaga - Santos (Sp)"," -"," -"," -",,,,,
"Mms Do Brasil Ltda - Praiamar Shopping - LOJA",8,34000000000000,"Praiamar Shopping","Mms Do Brasil Ltda","A","SP","Santos","Aparecida ","R. Alexandre Martins"," N 80"," Loja 01"," Aparecida�- Santos - Sp / Cep 11025-200"," -"," -"," -",,,
"Mrf Comercio De Celulares E Servi�os Ltda Me - Boulevard Brasilia - KIOSQUE",1,230000000000000,"Boulevard Brasilia","Mrf Comercio De Celulares E Servi�os Ltda Me","B","DF","Bras�lia","Asa Norte ","St Terminal Norte Conjunto J"," S/N"," Quiosque Qt23 Cep: 70770-100"," Asa Norte"," Brasilia- Df"," -"," -"," -",,
"Mrf Comercio De Celulares E Servi�os Ltda Me - Brasilia Shopping - LOJA",1,230000000000000,"Brasilia Shopping","Mrf Comercio De Celulares E Servi�os Ltda Me","A","DF","Bras�lia","Asa Norte ","St Comercial Norte Quadra"," 05 - Bloco A Loja 94S E 98S - Cep: 70715-900 - Asa Norte - Bras�lia (Df)"," -"," -"," -",,,,,
"Mrf Comercio De Celulares E Servi�os Ltda Me - Goiania Shopping - LOJA",1,230000000000000,"Goiania Shopping","Mrf Comercio De Celulares E Servi�os Ltda Me","B","GO","Goi�nia","Setor Bueno ","Av T10",1300," Setor Bueno - Quadra A"," Lote 10/18"," Sal�o M Uso 02"," Loja 163/164 - Cep: 74223-060 -Goiana (Go)"," -"," -"," -",
"Mrf Comercio De Celulares E Servi�os Ltda Me - JK Shopping & Tower - LOJA",1,230000000000000,"JK Shopping & Tower","Mrf Comercio De Celulares E Servi�os Ltda Me","C","DF","Bras�lia","Taguatinga ","Q Qnm 34 Area Especial",1," Loja 314 2 Pavimento - Cep: 72145-450 - Taguatinga - Brasilia - Df"," -"," -"," -",,,,
"Mrf Comercio De Celulares E Servi�os Ltda Me - Park Shopping Brasilia - LOJA",1,230000000000000,"Park Shopping Brasilia","Mrf Comercio De Celulares E Servi�os Ltda Me","A","DF","Bras�lia","Guara ","St De Areas Isoladas/Sudoeste Area"," 6580 - Luc 283/284 - Guara - Bras�lia (Df)Cep 71219-900 "," -"," -"," -",,,,,
"Mrf Comercio De Celulares E Servi�os Ltda Me - Shopping Conjunto Nacional Brasilia - LOJA",1,230000000000000,"Shopping Conjunto Nacional Brasilia","Mrf Comercio De Celulares E Servi�os Ltda Me","A","DF","Bras�lia","Asa Norte ","St De Diversoes Norte Conjunto A"," S/N - Loja 2072 2 Piso Cep: 70077-000 - Asa Norte - Brasilia (Df)"," -"," -"," -",,,,,
"Mrf Comercio De Celulares E Servi�os Ltda Me - Shopping Iguatemi Brasilia - LOJA",1,230000000000000,"Shopping Iguatemi Brasilia","Mrf Comercio De Celulares E Servi�os Ltda Me","B","DF","Bras�lia","Lago Norte ","St Shin Ca 4 Lote A"," Sn - Loja 40 Piso Semi-Enterrado - Cep: 71503-504  - Lago Norte  - Bras�lia (Df)"," -"," -"," -",,,,,
"Mrf Comercio De Celulares E Servi�os Ltda Me - Shopping Patio Brasil - LOJA",1,230000000000000,"Shopping Patio Brasil","Mrf Comercio De Celulares E Servi�os Ltda Me","A","DF","Bras�lia","Asa Sul","St Comercial Sul Quadra 07 Bloco A Sn Loja 01T Terreo Parte Loja T065/066 Asa Sul Brasilia - Df Cep: 70.307-902 "," -"," -"," -",,,,,,
"Mrf Comercio De Celulares E Servi�os Ltda Me - Taguatinga Shopping - LOJA",1,230000000000000,"Taguatinga Shopping","Mrf Comercio De Celulares E Servi�os Ltda Me","A","DF","Bras�lia","Taguatinga ","Q Qs 01 Rua 210 Lote 40 Salao Comercial 3065 2 Pavimento Taguatinga Brasilia-Df"," -"," -"," -",,,,,,
"Mrf Comercio De Celulares E Servi�os Ltda Me - Terra�o Shopping - LOJA",1,230000000000000,"Terra�o Shopping","Mrf Comercio De Celulares E Servi�os Ltda Me","B","DF","Bras�lia","Sudoeste","SHC /AO/S EA 2/8 Lote 05 - Loja 286 - 1� Pavimento"," -"," -"," -",,,,,,
"Multisom - Barra Shopping Sul - LOJA",4,11000000000000,"Barra Shopping Sul","Multisom","B","RS","Porto Alegre","Cristal","Av. Di�rio De Not�cias",300," Luc 1042"," Piso Joquei - Cristal"," Porto Alegre - Rs"," 90810-080"," -"," -"," -",
"Multisom - Bourbon Center Lar - LOJA",4,11000000000000,"Bourbon Center Lar","Multisom","C","RS","Porto Alegre","Sarandi","Av.  Sertorio 8000 - loja 132 � 134 - Bairro Sarandi - Porto Alegre RS"," -"," -"," -",,,,,,
"Multisom - Bourbon Novo Hamburgo - LOJA",4,11000000000000,"Bourbon Novo Hamburgo","Multisom","B","RS","Novo Hamburgo","Centro ","Av Nacoes Unidas N�mero 2001, Loja 1062 Cep 93320-021 

"," -"," -"," -",,,,,,
"Multisom - Bourbon S�o Leopoldo - LOJA",4,11000000000000,"Bourbon S�o Leopoldo","Multisom","C","RS","S�o Leoplodo","Centro ","R Primeiro De Mar�o N� 821 Loja 289 Loja 290 Cep 93010-210 
"," -"," -"," -",,,,,,
"Multisom - Bourbon Shopping Ipiranga - KIOSQUE",4,11000000000000,"Bourbon Shopping Ipiranga","Multisom","C","RS","Porto Alegre ","Jardim Botanico","Av Ipiranga"," 5200 Quiosque 03   Jardim Botanico Cep 90610-000 "," -"," -"," -",,,,,
"Multisom - Bourbon Shopping Wallig - LOJA",4,11000000000000,"Bourbon Shopping Wallig","Multisom","B","RS","Porto Alegre","Cristo Redentor","Av Assis Brasil"," 2611 Loja 203 Cristo Redentor"," -"," -"," -",,,,,
"Multisom - Canoas Shopping - LOJA",4,11000000000000,"Canoas Shopping","Multisom","B","RS","Canoas","Centro ","Av Guilherme Schell"," 6750 - Loja A74/A75 - Cep: 92310-001 - Centro - Canoas - Rn"," -"," -"," -",,,,,
"Multisom - Pra�a Rio Grande Shopping Center - LOJA",4,11000000000000,"Pra�a Rio Grande Shopping Center","Multisom","C","RS","Rio Grande ","Vila Sao Miguel ","Rua Jockey Clube","155 Loja 46"," Shoppi Bairro Vl Sao Miguel  Cep 96212-730"," -"," -"," -",,,,
"Multisom - Royal Plaza Shopping - LOJA",4,11000000000000,"Royal Plaza Shopping","Multisom","C","RS","Santa Maria","Ns. Das Dores ","Av Nossa Senhora Das Dores"," 305 - Loja 360 - Cep: 97050-531 - Nossa Senhora Das Dores - Santa Maria (Rs)"," -"," -"," -",,,,,
"Multisom - Shopping Bella Citta - LOJA",4,11000000000000,"Shopping Bella Citta","Multisom","B","RS","Passo Fundo","Centro ","R Coronel Chicuta"," 355 Loja 11 Shopping Bella Citta - Cep: 99010-050 - Centro - Passo Fundo - Rs"," -"," -"," -",,,,,
"Multisom - Shopping Bourbon Country - KIOSQUE",4,11000000000000,"Rondon Plaza Shopping","Kadri Comercio De Eletronicos Ltda","C","RS","Porto Alegre ","Passo D'Areia","Av Tulio De Rose, 80 Quiosqq 01Q05  Passo D'Areia cep 91340-110
"," -"," -"," -",,,,,,
"Multisom - Shopping Gravatai - LOJA",4,11000000000000,"Shopping Gravatai","Multisom","C","RS","Gravata�","Passo Das Pedras ","Av. Centen�rio 555 Loja 242 A - Passo Das Pedras - Gravata�- Rs Cep. 94035-240"," -"," -"," -",,,,,,
"Multisom - Shopping Iguatemi POA - LOJA",4,11000000000000,"Shopping Iguatemi POA","Multisom","A","RS","Porto Alegre","Passo Dareia ","Av Joao Wallig"," 1800 - Loja 126 Cep: 91340-001 - Passo Dareia - Porto Alegre (Rs)"," -"," -"," -",,,,,
"Multisom - Shopping Pelotas - LOJA",4,11000000000000,"Shopping Pelotas","Multisom","C","RS","Pelotas","Areal ","Av. Ferreira Viana"," 1526 - Lj 28"," Areal - 96085-000 - Pelotas"," -"," -"," -",,,,
"Multisom - Shopping Praia de Belas - LOJA",4,11000000000000,"Shopping Praia de Belas","Multisom","B","RS","Porto Alegre","Menino Deus","Av Praia De Belas"," 1181 Loja 3060 CEP 90110-001 Praia de Belas"," -"," -"," -",,,,,
"Multisom - Shopping Total - KIOSQUE",4,11000000000000,"Shopping Total","Multisom","C","RS","Porto Alegre","Floresta ","Av Cristov�o Colombo 35 - Quiosque 38 - Bairro  Floresta - Cep 90560-003"," -"," -"," -",,,,,,
"Primetek - Flamboyant Shopping Center - LOJA",7,85000000000000,"Flamboyant Shopping Center","Primetek","B","GO","Goi�nia","Jardim Goias ","Av. Deputado Jamel Cec�lio"," N� 3300 � Qd.B-34 Lt.2E � Loja S-258 � Jardim Goi�s � Cep 74810-907 � Goi�nia � Go."," -"," -"," -",,,,,
"Primetek - Portal Shopping - LOJA",7,85000000000000,"Portal Shopping","Primetek","C","GO","Goi�nia","Capuava ","Av Anhanguera N�mero 
14.404 
Complemento 
Quadra Area Lote 39 A/E Luc 290 Cep 
74450-010  Bairro/Distrito 
Capuava "," -"," -"," -",,,,,,
"Primetek - Shopping Buriti - LOJA",7,85000000000000,"Shopping Buriti","Primetek","C","GO","Aparecida de Goi�nia","Vila Sao Tomaz ","Av. Rio Verde"," Sem N�mero - Qd. 102"," Piso T�rrio - Loja 177 - Cep 74916-260 - Goi�nia - Go."," -"," -"," -",,,,
"Primetek - Shopping Buriti Rio Verde - LOJA",7,85000000000000,"Shopping Buriti Rio Verde","Primetek","C","GO","Rio Verde ","Residencial Jardim Campestre","R O"," 1044 Quadra015 Lote 01 Luc'S: 007/008 Cep 75.907-681 Bairro  Residencial Jardim Campestre Rio Verde Go"," -"," -"," -",,,,,
"Primetek - Shopping Passeio das Aguas - LOJA",7,85000000000000,"Shopping Passeio das Aguas","Primetek","C","GO","Goi�nia","Fazenda Caveiras ","Av Perimetral Norte",8303," Loja 113/114 Andar Terreo Piso 1 Cep: 74445-360 - Fazenda Caveiras - Goiania (Go)"," -"," -"," -",,,,
"Primetek - Shopping Sul - LOJA",7,85000000000000,"Shopping Sul","Primetek","C","GO","Val Paraiso","Parque Esplanada Iii","Br 040 Km 12"," Gleba F"," S/N "," Qd 01"," Lt 01"," -"," -"," -",,
"Prosperus Comercio E Servi�os - Barra Shopping - LOJA",1,770000000000000,"Barra Shopping","Prosperus Comercio E Servi�os","A","RJ","Rio de Janeiro","Barra Da Tijuca","Av das Am�ricas 4666 loja 108/114 H"," Barra da Tijuca Rio de Janeiro- RJ CEP: 22640-902"," -"," -"," -",,,,,
"Prosperus Comercio E Servi�os - Boulevard Shopping Feira de Santana - KIOSQUE",1,770000000000000,"Boulevard Shopping Feira de Santana","Prosperus Comercio E Servi�os","C","BA","Feira de Santana","Caseb","Av. Jo�o Durval Carneiro"," 3655 - Caseb"," Feira de Santana - BA"," 44052-064"," -"," -"," -",,,
"Prosperus Comercio E Servi�os - Shopping Itaguari - KIOSQUE",1,770000000000000,"Shopping Itaguari","Prosperus Comercio E Servi�os","C","BA","Santo Ant�nio de Jesus","Centro","Av. Governador Roberto Santos"," 96 - lj. 117"," -"," -"," -",,,,,
"Prosperus Comercio E Servi�os - Shopping Mestre Alvaro - KIOSQUE",1,770000000000000,"Shopping Mestre Alvaro","Prosperus Comercio E Servi�os","C","ES","Serra","Eurico Salles ","Av Joao Palacio S/N, 300 - Loja: Q106A; Cep: 29160-925 -Eurico Salles - Serra - Es"," -"," -"," -",,,,,,
"Prosperus Comercio E Servi�os - Shopping Moxuara - LOJA",1,770000000000000,"Shopping Moxuara","Prosperus Comercio E Servi�os","C","ES","Cariacica","S�o Francisco","Rod Br-262 6555, 6555 Km: 5; Loja: 306 A/B; : Piso L-3; : Shopping Moxara; "," -"," -"," -",,,,,,
"Prosperus Comercio E Servi�os - Shopping Praia da Costa - KIOSQUE",1,770000000000000,"Shopping Praia da Costa","Prosperus Comercio E Servi�os","C","ES","Vila Velha","Praia Da Costa ","Av Doutor Olivio Lira 353 Loja: Q107A; Cep: 29101-260 - Praia Da Costa - Vila Velha -  Es"," -"," -"," -",,,,,,
"Prosperus Comercio E Servi�os - Shopping Rio Sul - KIOSQUE",1,770000000000000,"Shopping Rio Sul","Prosperus Comercio E Servi�os","C","RJ","Rio de Janeiro","Botafogo ","Rua Lauro Sodr�"," 445 - LOJA 101 QAQ17 - Botafogo Rj Cep 22290-070"," -"," -"," -",,,,,
"Prosperus Comercio E Servi�os - Shopping Rio Sul - LOJA",1,770000000000000,"Shopping Avenida Center","Jufap Administracao E Participacao","B","RJ","Rio de Janeiro","Botafogo ","Rua Lauro Sodr�"," 445 - LOJA: 301 PARTE C-34 3AND - Botafogo Rj Cep 22290-070"," -"," -"," -",,,,,
"Prosperus Comercio E Servi�os - Shopping Vila Velha - KIOSQUE",1,770000000000000,"Shopping Vila Velha","Prosperus Comercio E Servi�os","C","ES","Vila Velha","Divino Espirito Santo","R. Luciano das Neves 2418 - Quiosque 1009 Piso 01"," -"," -"," -",,,,,,
"Prosperus Comercio E Servi�os - Shopping Vitoria - LOJA",1,770000000000000,"Shopping Vitoria","Prosperus Comercio E Servi�os","A","ES","Vit�ria","Enseada Do Sua ","Av. Am�rico Buaiz"," 200 Loja 604 - Enseada Do Su� Vit�ria - Esp�rito Santo Cep: 29050-902    "," -"," -"," -",,,,,
"Prosperus Comercio E Servi�os - Shopping Vitoria Kiosk - KIOSQUE",1,770000000000000,"Shopping Vitoria Kiosk","Prosperus Comercio E Servi�os","C","ES","Vit�ria","Enseada Do Sua ","Av Americo Buaiz 200 Loja: S103 Enseada Do Sua ? Municipio De Vitoria "," -"," -"," -",,,,,,
"Rake & Rai Telecomunicacoes Ltda - Shopping Boulevard Tatuape - KIOSQUE",1,45000000000000,"Shopping Boulevard Tatuape","Rake & Rai Telecomunicacoes Ltda","C","SP","S�o Paulo","Tatuap�","R GONCALVES CRESPO, 78 - Tatuap�, S�o Paulo - SP (03.066-030) - QUIOSQ: 29; PAVMTO: 1"," -"," -"," -",,,,,,
"Rake & Rai Telecomunicacoes Ltda - Shopping Central Plaza - KIOSQUE",1,45000000000000,"Shopping Central Plaza","Rake & Rai Telecomunicacoes Ltda","C","SP","S�o Paulo","Vila Prudente","Av Dr Francisco de Mesquita",1000," -"," -"," -",,,,,
"Rake & Rai Telecomunicacoes Ltda - Shopping Iguatemi Caxias do Sul - LOJA",1,45000000000000,"Shopping Iguatemi Caxias do Sul","Rake & Rai Telecomunicacoes Ltda","A","RS","Caxias do Sul","Desvio Rizzo ","Rod Rsc 453 Km 3",5," 2780 - Loja 162 Cep: 95110-130 - Desvio Rizzo - Caxias Do Sul (Rs)"," -"," -"," -",,,,
"Rake & Rai Telecomunicacoes Ltda - Shopping Metro Tatuape - KIOSQUE",1,45000000000000,"Shopping Metro Tatuape","Rake & Rai Telecomunicacoes Ltda","C","SP","S�o Paulo","Tatuap�","Avenida Radial Leste"," s/n Quiosque : s/n Piso : S"," -"," -"," -",,,,,
"Rake & Rai Telecomunicacoes Ltda - Shopping Metro Tatuape - LOJA",1,45000000000000,"Shopping Metro Tatuape","Rake & Rai Telecomunicacoes Ltda","B","SP","S�o Paulo","Tatuap�","Avenida Radial Leste"," s/n Loja: 129 Piso Tatuape"," -"," -"," -",,,,,
"Rake & Rai Telecomunicacoes Ltda - Shopping Metro Tucuruvi - LOJA",1,45000000000000,"Shopping Metro Tucuruvi","Rake & Rai Telecomunicacoes Ltda","B","SP","S�o Paulo","Parada Inglesa ","Av Doutor Antonio Maria Laet"," 566 - Loja 11.1 Primeiro Piso Terreo Cep: 02240-000 - Parada Inglesa - S�o Paulo (Sp)"," -"," -"," -",,,,,
"Rake & Rai Telecomunicacoes Ltda - Shopping Pra�a da Mo�a - KIOSQUE",1,45000000000000,"Shopping Pra�a da Mo�a","Rake & Rai Telecomunicacoes Ltda","C","SP","Diadema","Centro","Rua Manoel Da Nobrega"," 712 - Q13 Piso Paineiras"," -"," -"," -",,,,,
"Rake & Rai Telecomunicacoes Ltda - Shopping San Pelegrino - KIOSQUE",1,45000000000000,"Shopping San Pelegrino","Rake & Rai Telecomunicacoes Ltda","C","RS","Caxias do Sul","S�o Pelegrino","Av. Rio Branco",452," QN03 � Bairro S�o Pelegrino � Caxias do Sul � RS CEP: 98450-000"," -"," -"," -",,,,
"Rastrecall� Representa��es Comerciais  - Am�ricas Shopping - KIOSQUE",5,5000000000000,"Am�ricas Shopping","Rastrecall� Representa��es Comerciais ","C","RJ","Rio de Janeiro","Recreio dos Bandeirantes","Av das Am�ricas"," n15.500"," Recreio dos Bandeirantes"," Rio de Janeiro/RJ (Kiosk 2A � L1) CEP:22790-702"," -"," -"," -",,,
"Rastrecall� Representa��es Comerciais  - Am�ricas Shopping - KIOSQUE",5,5000000000000,"Am�ricas Shopping","Rastrecall� Representa��es Comerciais ","C","RJ","Rio de Janeiro","Recreio dos Bandeirantes","Av das Am�ricas"," n15.500"," Recreio dos Bandeirantes"," Rio de Janeiro/RJ (Kiosk 2A � L1) CEP:22790-702"," -"," -"," -",,,
"Rastrecall� Representa��es Comerciais  - Boulevard Rio - KIOSQUE",5,5000000000000,"Boulevard Rio","Rastrecall� Representa��es Comerciais ","C","RJ","Rio de Janeiro"," Vila Isabel","RUA BAR�O DE S�O FRANCISCO"," 236 QUIOSQUE 103 � VILA ISABEL � CEP 20560-030"," -"," -"," -",,,,,
"Rastrecall� Representa��es Comerciais  - Carioca Shopping - KIOSQUE",5,5000000000000,"Carioca Shopping","Rastrecall� Representa��es Comerciais ","C","RJ","Rio de Janeiro","Vicente De Carvalho ","Avenida Vicente De Carvalho",909,"quiosque 105 piso 1 - VICENTE DE CARVALHO","  Rio De Janeiro - Rj"," "," -"," -"," -",,
"Rastrecall� Representa��es Comerciais  - Center Shopping - KIOSQUE",5,5000000000000,"Center Shopping","Rastrecall� Representa��es Comerciais ","C","RJ","Rio de Janeiro","TANQUE","Rua Geremario Dantas"," 404 - Rio de Janeiro / RJ - QUIOSQ: Q11 PISO L1"," -"," -"," -",,,,,
"Rastrecall� Representa��es Comerciais  - Ilha Plaza - KIOSQUE",5,5000000000000,"Ilha Plaza","Rastrecall� Representa��es Comerciais ","C","RJ","Rio de Janeiro","Ilha do Governador","AV. MAESTRO PAULO E SILVA"," 400 (Q SIPE 213B - 2 PISO) CEP: 21920440"," -"," -"," -",,,,,
"Rastrecall� Representa��es Comerciais  - Itaguai Shopping - KIOSQUE",5,5000000000000,"Itaguai Shopping","Rastrecall� Representa��es Comerciais ","C","RJ","Itaguai","Centro","Rua Doutor Curvelo Cavalcanti"," 189 Ilha 003 1 Piso - CEP. 23815-291 - Centro - Itaguai - RJ"," -"," -"," -",,,,,
"Rastrecall� Representa��es Comerciais  - Madureira Shopping - KIOSQUE",5,5000000000000,"Madureira Shopping","Rastrecall� Representa��es Comerciais ","C","RJ","Rio de Janeiro","Madureira","Estrada do Portela"," 222 Quiosque L1 Q06E - CEP. 21351-051 - Madureira - RJ"," -"," -"," -",,,,,
"Rastrecall� Representa��es Comerciais  - Nil�polis Shopping - KIOSQUE",5,5000000000000,"Nil�polis Shopping","Rastrecall� Representa��es Comerciais ","C","RJ","Nil�polis","Centro","Rua Professor Alfredo Gon�alves Fugueira"," 100 Q. 07 - CEP: 26525-060 - Nilopolis - RJ"," -"," -"," -",,,,,
"Rastrecall� Representa��es Comerciais  - Parque Shopping Barueri - KIOSQUE",5,5000000000000,"#N/D","#N/D","C","SP","Barueri","Nova Aldeinha","Rua General de Divis�o Pedro Rodrigues da Silva"," 400 -KSK Q101 - Nova Aldeinha - Barueri - SP"," -"," -"," -",,,,,
"Rastrecall� Representa��es Comerciais  - Passeio Shopping - LOJA",5,5000000000000,"Passeio Shopping","Rastrecall� Representa��es Comerciais ","C","RJ","Rio de Janeiro","Campo Grande","Rua Viuva Dantas"," 100 lojas 101 e 103 - CEP. 23052-090 - Campo Grande RJ"," -"," -"," -",,,,,
"Rastrecall� Representa��es Comerciais  - Shopping Bangu - KIOSQUE",5,5000000000000,"Shopping Bangu","Rastrecall� Representa��es Comerciais ","C","RJ","Rio de Janeiro","Bangu ","R Fonseca",240," Quiosq Q04-A - Cep: 21820-005 Bangu - Rio De Janeiro (Rj)"," -"," -"," -",,,,
"Rastrecall� Representa��es Comerciais  - Shopping Bangu - LOJA",5,5000000000000,"Shopping Bangu","Rastrecall� Representa��es Comerciais ","B","RJ","Rio de Janeiro","Bangu ","R Fonseca"," 240 Loja N 124/124-A - Bangu Rio De Janeiro"," -"," -"," -",,,,,
"Rastrecall� Representa��es Comerciais  - Shopping Jardim Guadalupe - KIOSQUE",5,5000000000000,"Shopping Jardim Guadalupe","Rastrecall� Representa��es Comerciais ","C","RJ","Rio de Janeiro","Guadalupe","AV. BRASIL N.22155 QUIOSQUE 1* PISO - JARDIM GUADALUPE - CEP. 21.670-000 - RJ"," -"," -"," -",,,,,,
"Rastrecall� Representa��es Comerciais  - Shopping Nova Igua�u - KIOSQUE",5,5000000000000,"Shopping Nova Igua�u","Rastrecall� Representa��es Comerciais ","C","RJ","Nova Igua�u","Bairro da Luz ","Av Ab�lio Augusto T�vora"," n�  1.111 - (Quiosque QP23) - Bairro da Luz - Nova Igua�u � Rio de Janeiro"," -"," -"," -",,,,,
"Rastrecall� Representa��es Comerciais  - Shopping Park Lagos - KIOSQUE",5,5000000000000,"Shopping Park Lagos","Rastrecall� Representa��es Comerciais ","C","RJ","Cabo Frio","Centro","Av. Heriquente Terra"," 1700 - Q25 - Parque Burle - Cabo Frio - CEP: 28.911-320"," -"," -"," -",,,,,
"Rastrecall� Representa��es Comerciais  - Shopping P�tio Alc�ntara - KIOSQUE",5,5000000000000,"Shopping P�tio Alc�ntara","Rastrecall� Representa��es Comerciais ","C","RJ","S�o Gon�alo","Alc�ntara","Pra�a Carlos Gianelli"," S/N L2-Q25 - CEP 24710-465 - S�o Gon�alo - Alcantara"," -"," -"," -",,,,,
"Rastrecall� Representa��es Comerciais  - Shopping Sulacap - KIOSQUE",5,5000000000000,"Shopping Sulacap","Rastrecall� Representa��es Comerciais ","C","RJ","Rio de Janeiro","Realengo","Avenida Marechal Fontenelle"," 3545 Quiosque MKT 22 - CEP 21750-001 - Jardim Sulacap - RJ"," -"," -"," -",,,,,
"Rastrecall� Representa��es Comerciais  - Sider Shopping - KIOSQUE",5,5000000000000,"Sider Shopping","Rastrecall� Representa��es Comerciais ","C","RJ","Volta Redonda","Vila Santa Cec�lia","Rua Doze"," 300 Quiosque M209 - Vila Santa Cec�lia / Volta Redonda - RJ CEP: 27260-315"," -"," -"," -",,,,,
"Rastrecall� Representa��es Comerciais  - Sta. Cruz  - KIOSQUE",5,5000000000000,"Sta. Cruz ","Rastrecall� Representa��es Comerciais ","C","RJ","Rio de Janeiro","Santa Cruz ","Rua felipe cardoso N. 540 Q07 - CEP 23515-000 - Santa cruz - RJ "," -"," -"," -",,,,,,
"Voce Mobile Comercio E Repres Ltda - North Shopping Joquei - LOJA",1,420000000000000,"North Shopping Joquei","Voce Mobile Comercio E Repres Ltda","B","CE","Fortaleza","Joquei Clube ","Av. Lineu Machado"," 419  Complemento:  Loja 1031 E 1032 Piso L 1  Bairro:  Joquei Clube  Munic�pio:  Fortaleza  Cep:  60520-102 "," -"," -"," -",,,,,
"Voce Mobile Comercio E Repres Ltda - Riverside Shopping - KIOSQUE",1,420000000000000,"Riverside Shopping","Voce Mobile Comercio E Repres Ltda","C","PI","Teresina","Joquei Clube ","Av. Ininga"," 1201 Quiosq Q 32 -Bairro Joquei Clube  -Municipio De Teresina- Cep 64048-110"," -"," -"," -",,,,,
"Voce Mobile Comercio E Repres Ltda - Shopping Benfica - KIOSQUE",1,420000000000000,"Shopping Benfica","Voce Mobile Comercio E Repres Ltda","C","CE","Fortaleza","Benfica","RUA CARAPINIMA"," N�2200. SHOPPING BENFICA"," QUIOSQUE 002 A. "," -"," -"," -",,,,
"Voce Mobile Comercio E Repres Ltda - Shopping Parangaba - LOJA",1,420000000000000,"Shopping Parangaba","Voce Mobile Comercio E Repres Ltda","B","CE","Fortaleza","Parangaba ","R Germano Frank"," 300 Loja 327"," -"," -"," -",,,,,
"Voce Mobile Comercio E Repres Ltda - Shopping Riomar Kennedy - KIOSQUE",1,420000000000000,"Shopping Riomar Kennedy","Voce Mobile Comercio E Repres Ltda","C","CE","Fortaleza","Presidente Kennedy","AV. SARMENTO HERMINIO�SAMPAIO"," 3100. �Piso L-2. Q -216"," -"," -"," -",,,,,
"Voce Mobile Comercio E Repres Ltda - Shopping Via Sul - LOJA ",1,420000000000000,"Shopping Via Sul","Voce Mobile Comercio E Repres Ltda","B","CE","Fortaleza","Sapiranga ","Av Washington Soares"," 4335- Quiosqqt-08 Cep:60833-005 Bairro Sapiranga Fortaleza Ce"," -"," -"," -",,,,,
"Voce Mobile Comercio E Repres Ltda - Teresina Shopping - LOJA",1,420000000000000,"Teresina Shopping","Voce Mobile Comercio E Repres Ltda","A","PI","Teresina","Noivos","Av Raul Lopes"," N� 1000 - Loja 238 Teresina Shopping Bairro: Noivos Teresina-Pi Cep: 64046-902"," -"," -"," -",,,,,
