Nome,CNPJ,Razao,REDE,Cluster,Estado,Cidade,Bairro,Endereco,Numero,Complemento,Pontos
Allied Advanced Technologies S.A - Bauru Shopping - KIOSQUE,20247322004053,Bauru Shopping,NEOR-001,B,SP,Bauru,Vila Cidade Universitaria ,"R Henrique Savi, 55 -Quadra 15- Andar: 1; Quiosq: Qun17; Quadra: 15; 
 

 

",,,
Allied Advanced Technologies S.A - Botafogo Praia Shop - LOJA,20247322002514,Botafogo Praia Shop,NEOR-001,A,RJ,Rio de Janeiro,Botafogo ,"Praia De Botafogo, Nº 400 LJ 147148 - Cep: 22250-040  - Botafogo - Rio De Janeiro - Rj",,,
Allied Advanced Technologies S.A - Boulevard Shopping Nações Bauru - LOJA,20247322003910,Boulevard Shopping Nações Bauru,NEOR-001,C,SP,Bauru,Chacara Das Folres ,"Rua General Marcondes Salgado, 11-39 Lojas 162 E 163 Bauru São Paulo Cep 17013-113",,,
Allied Advanced Technologies S.A - Bourbon Shopping - LOJA,20247322005882,Bourbon Shopping,NEOR-001,A,SP,São Paulo,Perdizes ,"Rua Turiassú, 2100 - Loja Suc T003 - Barra Funda - São Paulo (Sp) - Cep: 05005-900",,,
Allied Advanced Technologies S.A - Caxias Shopping - KIOSQUE,20247322003324,Caxias Shopping,NEOR-001,C,RJ,Duque de Caxias,Parque Duque ,"Rod. Washington Luis, 2.895, Quiosque Q11, Parque Duque - Duque De Caxias - Rj",,,
Allied Advanced Technologies S.A - Centervale Shopping - LOJA,20247322001704,Centervale Shopping,NEOR-001,B,SP,São José dos Campos,Jardim Oswaldo Cruz ,"Av Deputado Benedito Matarazzo, 9403, Lojas Uso Comercial N. 164, Jardim Oswaldo Cruz, Sao Jose Dos Campos - Sp",,,
Allied Advanced Technologies S.A - ETNA Marginal Tiete - ETNA,20247322006188,ETNA Marginal Tiete,NEOR-001,C,SP,São Paulo,Tatuape,"Av. Condessa Elizabeth de Robiano, 2000 - Tatuape - Piso Terreo (entrada principal)",,,
Allied Advanced Technologies S.A - ETNA Marginal Tiete - KIOSQUE,20247322000147,ETNA Marginal Tiete,NEOR-001,A,SP,Marília,Tatuape,"Av. Condessa Elizabeth de Robiano, 2000 - Tatuape - Piso Terreo (entrada principal)",,,
Allied Advanced Technologies S.A - ETNA Marginal Tiete - KIOSQUE,20247322006269,ETNA Marginal Tiete,NEOR-001,C,SP,São Paulo,Tatuape,"Av. Condessa Elizabeth de Robiano, 2000 - Tatuape - Piso Terreo (entrada principal)",,,
Allied Advanced Technologies S.A - Golden Square Shopping - KIOSQUE,20247322000813,Golden Square Shopping,NEOR-001,C,SP,São Paulo,Jardim do mar,"Av. Kennedy, 700",,,
Allied Advanced Technologies S.A - Jundiai Shopping - LOJA,20247322000732,Jundiai Shopping,NEOR-001,B,SP,Jundiai,Vianelo ,"Av Nove De Julho, 3333 Lojas Uso Comercial N 162 Cep 13208-056 Bairro Vianelo -Jundiai- Sp


",,,
Allied Advanced Technologies S.A - Marília Shopping - KIOSQUE,20247322005297,Marília Shopping,NEOR-001,C,SP,MARILIA, Jardim Maria Martha,"Rua dos Tucunarés, 500, quiosque Q-13, Jardim Maria Martha, CEP 17507-280, Marília, SP",,,
Allied Advanced Technologies S.A - Maxi Shopping Jundiai - KIOSQUE,20247322000651,Maxi Shopping Jundiai,NEOR-001,C,SP,Jundiai,Vila Rio Branco,"Avenida Antonio Frederico Ozanam, 6000- Vila Rio Branco Jundiai Sp Cep 13215-900",,,
Allied Advanced Technologies S.A - Mooca Plaza Shopping - LOJA,20247322005963,Mooca Plaza Shopping,NEOR-001,B,SP,São Paulo,Mooca ,"Rua Capitao Pacheco Chaves, 313, Loja 2717, Piso 2",,,
Allied Advanced Technologies S.A - Norte Shopping Rio de Janeiro - LOJA,20247322004991,Norte Shopping Rio de Janeiro,NEOR-001,A,RJ,Rio de Janeiro,Cachambi ,"Av Dom Helder Camara, 5.332 (Luc) - 2093 Norte Shopping Cep: 20771-004 - Cachambi -  Rio De Janeiro (Rj)",,,
Allied Advanced Technologies S.A - Park Shopping Campo Grande - LOJA,20247322004649,Park Shopping Campo Grande,NEOR-001,B,RJ,Rio de Janeiro,Campo Grande,"Est Do Monteiro, 1200- Loja 107 Piso L1- Campo Grande Rio De Janeiro",,,
Allied Advanced Technologies S.A - ParkShopping São Caetano - LOJA,20247322001542,ParkShopping São Caetano,NEOR-001,B,SP,São Caetano,Ceramica ,"Al Terracota, 545 - Lojas Uso Comercial N 1.063",,,
Allied Advanced Technologies S.A - Parque Shopping Maia - LOJA,20247322002352,Parque Shopping Maia,NEOR-001,C,SP,Guarulhos,Jardim Flor da Montanha,"Avenida Bartolomeu de Carlos, 230, ksk 401. Jd. Flor da Montanha - Guarulhos - Sp (CEP - 07097-420)",,,
Allied Advanced Technologies S.A - PrudenShop - LOJA,20247322001895,PrudenShop,NEOR-001,B,SP,Presidente Prudente,Parque Bela Vista ,"Av Manoel Goulart, 2400 - Lojas Uso Comercial 1030 E 1031 - Cep: 19060-000 - Parque Bela Vista -Presidente Prudente (Sp)",,,
Allied Advanced Technologies S.A - Rio Preto Shopping - LOJA,20247322005025,Rio Preto Shopping,NEOR-001,A,SP,São José do Rio Preto,Jardim Morumbi ,"Avenida Brigadeiro Faria Lima, 6363, Jardim Morumbi, São José do Rio Preto/SP, CEP 15090-000 LOJA 257",,,
Allied Advanced Technologies S.A - Santana Parque Shopping - KIOSQUE,20247322003405,Santana Parque Shopping,NEOR-001,B,SP,São Paulo,Santana,"R Conselheiro Moreira De Barros, 2780, Q 220",,,
Allied Advanced Technologies S.A - Shopping ABC - LOJA,20247322001038,Shopping ABC,NEOR-001,B,SP,Santo André,Vila Gilda ,"Av Pereira Barreto, 42 - Loja 278 / 288",,,
Allied Advanced Technologies S.A - Shopping Analia Franco - LOJA,20247322005610,Shopping Analia Franco,NEOR-001,A,SP,São Paulo,Vila Regente Feijo ,"Av Regente Feijo, 1739 - Loja Luc Oq-33 Pavlh Shop Analia Franco - Cep: 03342-000 - Vila Regente Feijo - Sao Paulo (Sp)",,,
Allied Advanced Technologies S.A - Shopping Center Norte - LOJA,20247322003677,Shopping Center Norte,NEOR-001,A,SP,São Paulo,Vila Guilherme ,"Tv Casalbuono, 120 - Loja De Uso Comercial (Luc) L950 Shop Center Norte - 02089-900 - Vila Guilherme - Sao Paulo (Sp)",,,
Allied Advanced Technologies S.A - Shopping Colinas  - KIOSQUE ,20247322006340,Shopping Colinas ,NEOR-001,C,SP,São José dos Campos,JARDIM DAS COLINAS ,"Avenida Sao Joao, 2200, Cep 12242-000, Jardim das Colinas, Sao Jose dos Campos, SP",,,
Allied Advanced Technologies S.A - Shopping Eldorado - LOJA,20247322005530,Shopping Eldorado,NEOR-001,A,SP,São Paulo,Pinheiros ,"Av. Rebouças, 3970 - Loja 0248, Piso 1 - Pinheiros - São Paulo (Sp) - Cep: 05402-600 ",,,
Allied Advanced Technologies S.A - Shopping Grande Rio - LOJA,20247322002948,Shopping Grande Rio,NEOR-001,B,RJ,São João do Meriti,Centro,"R MARIA SOARES SENDA, 111 loja 263/65",,,
Allied Advanced Technologies S.A - Shopping Iguatemi Esplanada - LOJA,20247322001976,Shopping Iguatemi Esplanada,NEOR-001,A,SP,Sorocaba,Parque Bela Vista ,"Av Gisele Constantino, 1800 - Lojas Uso Comercial N 164 - Cep: 18110-650 - Parque Bela Vista - Votorantim (Sp)",,,
Allied Advanced Technologies S.A - Shopping Leblon - LOJA,20247322003839,Shopping Leblon,NEOR-001,A,RJ,Rio de Janeiro,Leblon ,"Av Afranio De Melo Franco, 290, Lojas 108 C/D - Cep: 22430-060 - Leblon Rj",,,
Allied Advanced Technologies S.A - Shopping Light - KIOSQUE,20247322005459,Shopping Light,NEOR-001,C,SP,São Paulo,Republica,"Rua Coronel Xavier De Toledo, 23 Qr.5.3; Terreo",,,
Allied Advanced Technologies S.A - Shopping Metro Santa Cruz - LOJA,20247322004134,Shopping Metro Santa Cruz,NEOR-001,A,SP,São Paulo,Vila Mariana,"R Domingos De Moraes, 2564  - Lojas Uso Comercial N L7/T - Cep: 04036-100 - Vila Mariana - São Paulo (Sp)",,,
Allied Advanced Technologies S.A - Shopping Morumbi - LOJA,20247322004304,Shopping Morumbi,NEOR-001,A,SP,São Paulo,Jardim Das Acacias ,"Av Roque Petroni Junior, 1089 - Loja Uso Comercial N 16 Ll - Cep: 04707-900 - Brooklin - Sao Paulo (Sp)",,,
Allied Advanced Technologies S.A - Shopping Niteroi - LOJA,20247322003081,Shopping Niteroi,NEOR-001,A,RJ,Niterói,Centro ,"R Xv De Novembro, 08 Loja 166 Loja 167 Cep: 24020-125 Centro - Niterói",,,
Allied Advanced Technologies S.A - Shopping Nova America - LOJA,20247322002867,Shopping Nova America,NEOR-001,A,RJ,Rio de Janeiro,Del Castilho ,"Av Pastor Martin Luther King Junior 
 126, ( Luc ) 1427 Shop Nova America, Bairo Del Castilho - Rio De Janeiro/Rj (20765-000)",,,
Allied Advanced Technologies S.A - Shopping Pátio Ciane - KIOSQUE,20247322002000,Shopping Pátio Ciane,NEOR-001,C,SP ,Sorocaba,Centro ,"Av Afonso Vergueiro, 823 - Quiosque 29 ",,,
Allied Advanced Technologies S.A - Shopping Piracicaba - LOJA,20247322000902,Shopping Piracicaba,NEOR-001,B,SP,Piracicaba,Vila Rezende ,"Av. Limeira, 722 Lojas Só Comercial N108A E 109 Cep 13414-018 Bairro Vila Rezende ",,,
Allied Advanced Technologies S.A - Shopping Plaza Avenida - LOJA,20247322004800,Shopping Plaza Avenida,NEOR-001,B,SP,São José do Rio Preto,Nova Redentora ,"Av Jose Munia,4775 - Loja Uso Comercial 230 Cep: 15085-350 - Nova Redentora - Sao Jose Do Rio Preto (Sp)",,,
Allied Advanced Technologies S.A - Shopping Tambore - LOJA,20247322005378,Shopping Tambore,NEOR-001,B,SP,Barueri,Tambore ,"Av Piracema , 669 Andar Terreo Loja 481 - Cep: 06460-030 -  Pavlh Shopping Tambore - Barueri (Sp)",,,
Allied Advanced Technologies S.A - Shopping Vila Olimpia - LOJA,20247322004215,Shopping Vila Olimpia,NEOR-001,A,SP,São Paulo,Vila Olimpia ,"R Das Olimpiadas, 360 - Lojas Uso Comercial N 110 E 111 - Cep: 04551-000 - Vila Olimpia - São Paulo (Sp)",,,
Allied Advanced Technologies S.A - Shopping West Plaza - LOJA,20247322005700,Shopping West Plaza,NEOR-001,C,SP,São Paulo,Agua Branca ,"Av Francisco Matarazzo, S/N - Anexo Arco 1104 Terreo Bloco A Setor Shopping West Plaza - Cep: 05003-900 - Agua Branca - São Paulo",,,
Allied Advanced Technologies S.A - Tijuca Shopping - LOJA,20247322002603,Tijuca Shopping,NEOR-001,A,RJ,Rio de Janeiro,Tijuca ,"Av Maracana, 987 - Loja 17 E 18 - Cep: 20511-000 - Tijuca - Rio De Janeiro (Rj)",,,
Allied Advanced Technologies S.A - Top Shopping Nova Iguaçu - LOJA,20247322003243,Top Shopping Nova Iguaçu,NEOR-001,B,RJ,Nova Iguaçu,Centro ,"AV GOVERNADOR ROBERTO SILVEIRA, 540 - Piso 1 (loja 134/135)",,,
Allied Advanced Technologies S.A - Vale Sul Shopping - LOJA,20247322001623,Vale Sul Shopping,NEOR-001,B,SP,São José dos Campos,Jardim Satelite ,"Av. Andrômeda, 227, Suc 206/207, Jardim Satélite Cep 12230-002",,,
Allied Advanced Technologies S.A - Via Brasil Shopping - LOJA,20247322004568,Via Brasil Shopping,NEOR-001,C,RJ,Rio de Janeiro,Iraja ,"R Itapera, 500 -(Luc) - 382 / 383 - Iraja, Rio De Janeiro - Rj",,,
Allied Advanced Technologies S.A - West Shopping Rio de Janeiro - LOJA,20247322004487,West Shopping Rio de Janeiro,NEOR-001,B,RJ,Rio de Janeiro,Campo Grande,"Est Do Mendanha, 555 Loja 182 E 183 Campo Grande Rio De Janeiro Rj",,,
Aquilon Telecomunicações Ltda - Catuai Shopping - LOJA,81214819001559,Catuai Shopping,NEOR-002,A,PR,Londrina,Gleba Fazenda Palhano ,"Rodovia Celso Garcia Cid, Km.377 – Loja 82/83 – Gleba Palhano – Londrina – Pr – Cep: 86050-901 ",,,
Aquilon Telecomunicações Ltda - Catuai Shopping Maringa - LOJA,81214819000587,Catuai Shopping Maringa,NEOR-002,B,PR,Maringa,Gleba Patrimonio Maringa ,"Av Colombo, 9161 Catuai Shop. Maringa Lojas 157/158 Bairro Gleba Patrimonio Maringa ",,,
Aquilon Telecomunicações Ltda - Park Shopping Barigui - LOJA,12043596000358,Park Shopping Barigui,NEOR-002,A,PR,Curitiba,Mossungue ,"Rua: Pedro Viriato Parigot De Sousa, 600 - Cep 81200-100 - Loja Luc 275 - Mossungue  - Curitiba (Pr)",,,
Aquilon Telecomunicações Ltda - Shopping Estação  - KIOSQUE,81214819001710,Shopping Estação ,NEOR-002,B,PR,Curitiba,Rebouças,"Av. Sete de Setembro, 2775 ",,,
Aquilon Telecomunicações Ltda - Shopping Mueller - LOJA,81214819001125,Shopping Mueller,NEOR-002,A,PR,Curitiba,Centro Civico ,"Av Candido De Abreu, 127 - Loja Ml-50 -Cep: 80530-000 ",,,
Arte Telecom Ltda - Cidade São Paulo - LOJA,10278888002398,Cidade São Paulo,NEOR-003,A,SP,São Paulo,Paulista,"Av Paulista, 1230 - Bela Vista, São Paulo/SP - Piso Terreo Suc 0126",,,
Arte Telecom Ltda - Franca Shopping - LOJA,10278888002711,Franca Shopping,NEOR-003,B,SP,Franca,Sao Miguel ,"Av Rio Negro, 1100 Loja: 410 411 E 412 Bairro São Miguel",,,
Arte Telecom Ltda - Independencia Shopping - LOJA,10278888001405,Independencia Shopping,NEOR-003,B,MG,Juiz de Fora,Sao Mateus ,"Av Presidente Itamar Franco, 3600, Loja: 155/156 -Piso Terreo; Cep: 36025-971 Sao Mateus - Juiz De Fora (Mg)",,,
Arte Telecom Ltda - Itaqua Garden Shopping - KIOSQUE,10278888003360,Itaqua Garden Shopping,NEOR-003,C,SP,São Paulo,Jardim Campo Limpo,"Estrada Municipal do Mandi, 1205 - Quiosque s/n - Piso Superior",,,
Arte Telecom Ltda - KSK Buriti  - KIOSQUE,10278888003521,KSK Buriti ,NEOR-003,C,SP ,MOGI GUAÇÚ,PEDREGULHAL,"RUA FRANCISCO FRANCO DE GODOI BUENO, 801, QT 27, PEDREGULHAL, MOGI GUAÇÚ, SP, CEP 13845-180",,,
Arte Telecom Ltda - Mogi Shopping - KIOSQUE,10278888002207,Mogi Shopping,NEOR-003,B,SP,Mogi das Cruzes,Centro,"Av. Vereador Narciso Yague  Gumaraes , N 1001  Quiosque 23 A",,,
Arte Telecom Ltda - Novo Shopping Center Ribeirão Preto - LOJA,10278888003017,Novo Shopping Center Ribeirão Preto,NEOR-003,B,SP ,RIBEIRÃO PRETO,RIBEIRÂNEA,"AVENIDA PRESIDENTE KENNEDY, 1500 - QUIOSQUE K30",,,
Arte Telecom Ltda - Parque Dom Pedro Shopping - LOJA,10278888000859,Parque Dom Pedro Shopping,NEOR-003,A,SP,Campinas,Jardim Santa Genebra ,"Av. Guilherme Campos, 500 - Loja 264-265 - Jd. Santa Genebra Campinas (Sp) - Cep 13087-901",,,
Arte Telecom Ltda - Patio Limeira - KIOSQUE,10278888002126,Patio Limeira,NEOR-003,C,SP,Limeira,CENTRO ,Rua Carlos Gomes 1321 quiosque 64 ,,,
Arte Telecom Ltda - Polo Indaiatuba Shopping - LOJA,10278888003106,Polo Indaiatuba Shopping,NEOR-003,B,SP,Indaiatuba,#N/DISP,#N/DISP,,,
Arte Telecom Ltda - Ribeirão Shopping - LOJA,10278888002800,Ribeirão Shopping,NEOR-003,A,SP,Ribeirão Preto,Jd. California,"Av. Cel. Fernando Ferreira Leite, 1540 - Subsetor Sul 5 - Loja 147",,,
Arte Telecom Ltda - Shopping Butantã  - KIOSQUE,10278888001740,Shopping Butantã ,NEOR-003,C,SP,São Paulo,BUTANTÃ,"Av. Prof. Francisco Morato, 2718 – Quiosque: QT-1M",,,
Arte Telecom Ltda - Shopping Campinas - LOJA,10278888001235,Shopping Campinas,NEOR-003,C,SP,Campinas,Jardim Do Lago ,"R Jacy Teixeira De Camargo, 940 Quioesque 32 ",,,
Arte Telecom Ltda - Shopping Campo Grande - LOJA,10278888001154,Shopping Campo Grande,NEOR-003,B,MS,Campo Grande,Santa Fe ,"Av Afonso Pena, 4909, Loja 2019 A Cep: 79031-900 - Santa Fe - Campo Grande Ms",,,
Arte Telecom Ltda - Shopping D - LOJA,10278888001316,Shopping D,NEOR-003,C,SP,São Paulo,Caninde ,Av. Cruzeiro Do Sul 1.100  Loja 1054 ,,,
Arte Telecom Ltda - Shopping Grand Plaza - LOJA,10278888001073,Shopping Grand Plaza,NEOR-003,A,SP,Santo André,Jardim ,"Av. Industrial, 600 Loja 329 Cep 09080-500  Jardim - Santo André (Sp)",,,
Arte Telecom Ltda - Shopping Iguatemi Campinas  - LOJA,10278888000930,Shopping Iguatemi Campinas ,NEOR-003,A,SP,Campinas,Vila Brandina ,"Av. Iguatemi, 777 Quiosque Em Frente Da Claro 102 - Cep 13092-500 - Vila Brandina - Campinas - São Paulo",,,
Arte Telecom Ltda - Shopping Iguatemi São Carlos - KIOSQUE,10278888002983,Shopping Iguatemi São Carlos,NEOR-003,C,SP,São Carlos,Parque Faber Castelli,"Passeio Dos Flamboyants, 200 Quiosq: Q - 109; ",,,
Arte Telecom Ltda - Shopping Jaraguá  - KIOSQUE,10278888001901,Shopping Montes Claros,NEOR-003,C,SP,ARARAQUARA,JARDIM BANDEIRANTES,AV ALBERTO BENASSI 2.270 QUIOSQQ 27 SHOPPING JARAGUA ARA,,,
Arte Telecom Ltda - Shopping Norte Sul Plaza - KIOSQUE,10278888002479,Shopping do Vale do Aço,NEOR-003,C,MS,Campo Grande,Jardim Jóquei Club,"Avenida Presidente Ernesto Geisel, 2300 - Jardim Jóquei Club, Campo Grande - MS ",,,
Arte Telecom Ltda - Shopping Parque das Bandeiras - KIOSQUE,10278888001669,Minas Shopping,NEOR-003,C,SP,Campinas,Jardim Ipaussurama ,"Av John Boyd Dunlop , N 3900 - Quiosque 302 - Piso L3 Cep 13060-803 Campinas Sp",,,
Arte Telecom Ltda - Shopping Suzano - KIOSQUE,10278888002550,Itau Power Shopping,NEOR-003,C,SP,Suzano,Parque Suzano,"R SETE DE SETEMBRO, 555 - Q 18 - Suzano, SP (08673-020)",,,
Arte Telecom Ltda - Tiete Plaza Shopping - LOJA,10278888001588,Shopping Cidade BH,NEOR-003,B,SP,São Paulo,Pirituba ,"Av Raimundo Pereira De Magalhaes, 1465, Loja 1079 A Piso Terreo Cep: 05145-000, Pirituba, Sao Paulo (Sp)",,,
Arte Telecom Ltda - Tivoli Shopping - KIOSQUE,10278888003289,Shopping Del Rey,NEOR-003,B,SP,Santa Barbara do Oeste,Jardim São Francisco,"Av. Santa Barbara, 777 - Quiosq: Mik 711;",,,
Arte Telecom Ltda / ATYV - BH Shopping - LOJA,10278888004684,Shopping Estação BH,NEOR-003,A,MG,Belo Horizonte,Belvedere ,"Rod Br-356, 3049 Loja: N Bh - 71/72",,,
Arte Telecom Ltda / ATYV - Boulevard Shopping BH - LOJA,10278888004765,Shopping Contagem,NEOR-003,B,MG,Belo Horizonte,Santa Efigenia ,"Av. Dos Andradas, 3000 Boulevard Shopping Loja 1050 1ºpiso Bairro Santa Efigenia Cep 30260-070",,,
Arte Telecom Ltda / ATYV - Diamond Mall - LOJA,10278888003955,BH Shopping,NEOR-003,B,MG,Belo Horizonte,Lourdes ,"Avenida Olegário Maciel, 1600, Piso 1, Loja 24A, Lourdes, Belo Horizonte - Mg. Cep- 30180-915",,,
Arte Telecom Ltda / ATYV - Itau Power Shopping - LOJA,10278888004170,Shopping Sete Lagoas,NEOR-003,B,MG,Contagem,Cidade Industrial ,"Av. General David Sarnoff, 5160   Loja 161  1ºpiso   Cep 32210-110  Bairro Cidade Industrial",,,
Arte Telecom Ltda / ATYV - Itu Plaza Shopping - KIOSQUE,Aguardando CNPJ,Diamond Mall,NEOR-003,C,SP,Itu,São Luis,"Avenida Dr. Ermelindo Maffei, 1199 - Quiosq: Samsung
São Luis – CEP: 13304-305 
",,,
Arte Telecom Ltda / ATYV - Minas Shopping - LOJA,10278888003874,Boulevard Shopping BH,NEOR-003,B,MG,Belo Horizonte,Uniao ,Av Cristiano Machado 4000 - : Minas Shopping; Loja: 160 - 1 Piso - Cep: 31160-900 - União - Belo Horizonte (Mg),,,
Arte Telecom Ltda / ATYV - Shopping Cidade BH - LOJA,10278888004099,Shopping Rio Claro,NEOR-003,B,MG,Belo Horizonte,Centro,"Rua Rio de Janeiro, 910 Edif.: Shopping Cidade; Piso Goitacases Loja G04",,,
Arte Telecom Ltda / ATYV - Shopping Contagem - LOJA,10278888004412,Itu Plaza Shopping,NEOR-003,C,MG,Contagem,Ressaca ,"Avenida Severino Ballesteros, 99 Ressaca- 32110-005- Contagem",,,
Arte Telecom Ltda / ATYV - Shopping Del Rey - LOJA,10278888004501,Shopping Del Rey,NEOR-003,B,MG,Belo Horizonte,Caicaras ,"Av. Presidente Carlos Luz, 3001, Loja 1049, Caiçaras, Cep 31250-010, Belo Horizonte, Mg",,,
Arte Telecom Ltda / ATYV - Shopping do Vale do Aço - KIOSQUE,10278888003793,Shopping do Vale do Aço,NEOR-003,C,MG,Ipatinga ,Ipatinga,"Av Pedro Linhares Gomes, 3900 ",,,
Arte Telecom Ltda / ATYV - Shopping Estação BH - LOJA,10278888004250,Shopping Estação BH,NEOR-003,C,MG,Belo Horizonte,Vila Cloris ,"Av Cristiano Machado, 11833 - Shopping Estacao Bh; Cep: 31744-007 - Vila Cloris - Belo Horizonte (Mg)",,,
Arte Telecom Ltda / ATYV - Shopping Montes Claros - KIOSQUE,10278888003602,Shopping Montes Claros,NEOR-003,C,MG,Montes Claros,Cidade Nova ,"Avenida Donato Quintino, 90",,,
Arte Telecom Ltda / ATYV - Shopping Rio Claro - KIOSQUE,1027888004846,Shopping Rio Claro,NEOR-003,C,SP,Rio Claro,Rio Claro,"Avenida Conde Francisco Matarazzo Junior, 205, Vila Paulista, Rio Claro - SP. Quiosque 60",,,
Arte Telecom Ltda / ATYV - Shopping Sete Lagoas - LOJA,10278888004331,Shopping Sete Lagoas,NEOR-003,C,MG,Sete Lagoas,Eldorado ,Av. Otávio Campelo Ribeiro 2801 Bairro Eldorado  Cidade De Sete Lagoas - Cep 35702-153 Loja Ssl00280,,,
Atacadao Dos Eletrodomesticos Do - Cariri Garden Shopping - LOJA,70120662003600,Cariri Garden Shopping,NEOR-004,C,CE,Juazeiro do Norte,Triangulo,"Av Padre Cicero, 2555 Loja: 206/207;",,,
Atacadao Dos Eletrodomesticos Do - Caruaru Shopping - LOJA,70120662006200,Caruaru Shopping,NEOR-004,C,PE,Caruaru,Indianopolis ,"Av. Adjar Da Silva Case, 800 Loja 20, Indianópolis - Caruaru - Pe Cep: 55024-740",,,
Atacadao Dos Eletrodomesticos Do - Maceio Shopping - LOJA,70120662006898,Maceio Shopping,NEOR-004,C,AL,Maceió ,Mangabeiras ,"Av Comendador Gustavo Paiva, 2990, Loja 296, Bairo Mangabeiras - Maceio/Alagoas (57032-901)",,,
Atacadao Dos Eletrodomesticos Do - Mangabeiras - LOJA,70120662007436,Mangabeiras,NEOR-004,C,PB,João Pessoa,MANGABEIRA ,"AV HILTON SOUTOMAIOR,3901 LOJA P1083/1109 TERREO ",,,
Atacadao Dos Eletrodomesticos Do - Natal Shopping - LOJA,70120662006979,Natal Shopping,NEOR-004,C,RN,Natal,Candelria ,"Av Senador Salgado Filho, 2234 - Loja 384, Piso L2 - 59064-900 Candelria Natal Rn",,,
Atacadao Dos Eletrodomesticos Do - Partage Shopping Mossoró - KIOSQUE,70120662006383,Partage Shopping Mossoró,NEOR-004,C,RN,Mossoró,Nova Betania ,"Av. João Da Escossia , Nº 1515, West Shopping Mossoró, Térreo, Bairro: Nova Betânia Cep. 59067-330",,,
Atacadao Dos Eletrodomesticos Do - Patio Arapiraca Garden Shopping - LOJA,70120662007193,Patio Arapiraca Garden Shopping,NEOR-004,C,AL,Arapiraca,Santa Edwings,"R Jose Leite Bezerra, S/N Loja 264 ",,,
Atacadao Dos Eletrodomesticos Do - Shopping Pátio Maceió - KIOSQUE,70120662007606,Shopping Pátio Maceió,NEOR-004,C,AL,Maceió,Cidade Universitária,"Avenida Menino Marcelo, nº 3800 – ponto Q-018",,,
B&F Telecomunicações Ltda - Boulevard Shopping Campos - LOJA,4906728002262,Boulevard Shopping Campos,NEOR-005,B,RJ,Campos dos Goytacazes,Parque Dos Rodoviarios,"Av Doutor Silvio Bastos Tavares, 330 Loja 104 I/J Boulevard Shopping Campos 
",,,
B&F Telecomunicações Ltda - Capim Dourado Shopping - LOJA,4906728001371,Capim Dourado Shopping,NEOR-005,A,TO,Palmas,Plano Diretor Norte ,"107 Norte, Ns 05 Com Av. Jk - Palmas / To - Cep: 77001-080",,,
B&F Telecomunicações Ltda - Imperial - LOJA,4906728001029,Imperial,NEOR-005,B,MA,Imperatriz,Entroncamento ,"Rod Br-010, 100, : 12 Piso Imperial Shopping; Cep: 65913-460; Entroncamento; Imperatriz (Ma)",,,
B&F Telecomunicações Ltda - North Shopping Fortaleza - KIOSQUE,4906728001533,North Shopping Fortaleza,NEOR-005,C,CE,Fortaleza,Sao Geraldo ,"Av Bezerra De Menezes, 2450 - Q1 13 - Cep: 60325-002 - Sao Geraldo Fortaleza (Ce)",,,
B&F Telecomunicações Ltda - North Shopping Fortaleza 2 - LOJA,4906728000219,North Shopping Fortaleza 2,NEOR-005,C,CE,Fortaleza,São Geraldo ,"Av Bezerra De Menezes,2450 Loja 442/443",,,
B&F Telecomunicações Ltda - North Shopping Maracanau - LOJA,4906728001290,North Shopping Maracanau,NEOR-005,C,CE,Maracanau ,Centro ,"Av. Senador Carlos Jereissati, N 100,  Centro - Maracanau - Ce - Quiosque 31. ",,,
B&F Telecomunicações Ltda - North Shopping Sobral - KIOSQUE,4906728002696,North Shopping Sobral,NEOR-005,C,CE,Sobral,Dom Expedito,"Av. Monsenhor Aloísio Pinto, 300 (QUIOSQUE 05 - TERREO) - Dom Expedito, Sobral - CE",,,
B&F Telecomunicações Ltda - Partage Shopping São Gonçalo - LOJA,4906728002343,Partage Shopping São Gonçalo,NEOR-005,B,RJ,São Gonçalo,Centro,"Avn Presidente Kennedy,425 Sala Comercial 155 Piso L1",,,
B&F Telecomunicações Ltda - Patio Mix Teixeira de Freitas - LOJA,4906728002939,Patio Mix Teixeira de Freitas,NEOR-005,C,BA,Teixeira de Freitas,Fazenda Imperial,"Av. São Paulo, Nº2575  Loja 1075 Shopping Patio Mix - Bairro Vila Verde ",,,
B&F Telecomunicações Ltda - São Gonçalo Shopping - LOJA,4906728002181,São Gonçalo Shopping,NEOR-005,B,RJ,São Gonçalo,Boa Vista ,"Avn Sao Goncalo,100 Ljs 213/214 A Piso L2 S.G.Shopping Boa Vista São Gonçalo- ",,,
B&F Telecomunicações Ltda - São Luis Shopping - LOJA,4906728000723,São Luis Shopping,NEOR-005,B,MA,São Luis,Jaracaty ,"Av. Professor Carlos Cunha, 1.000 Loja 204 Lee São Luis - Ma Cep: 65076-907 ",,,
B&F Telecomunicações Ltda - Shopping Campo Limpo - LOJA,4906728001614,Shopping Campo Limpo,NEOR-005,C,SP,São Paulo,Vila Prel ,"Est Do Campo Limpo, 459 loja 361",,,
B&F Telecomunicações Ltda - Shopping Conquista Sul - LOJA,4906728003072,Shopping Conquista Sul,NEOR-005,B,BA,Vitória da Conquista,Boa Vista ,"Av. Juracy Magalhaes, 3340 Bairro Boa Vista Municipio Vitoria Da Conquista Loja 47 E 48 Cep 45026-090",,,
B&F Telecomunicações Ltda - Shopping da Ilha - LOJA,4906728000995,Shopping da Ilha,NEOR-005,A,MA,São Luis,Cohama ,"Av Daniel De La Touche, 987 - Loja: 213 D/E/F/M/N; Cep: 65074-115 - Cohama - São Luis - Ma",,,
B&F Telecomunicações Ltda - Shopping Del Paseo - KIOSQUE,4906728000138,Shopping Del Paseo,NEOR-005,C,CE,Fortaleza,Aldeota ,"Av Santos Dumont, 3131 Shopping Del Paseo Hall L2",,,
B&F Telecomunicações Ltda - Shopping Granja Viana - LOJA,4906728001703,Shopping Granja Viana,NEOR-005,B,SP,Cotia,Granja Viana ,"Endereço : Rod Raposo Tavares, 400 – Luc 367 Piso L2 Shop Granja Vianna – Cep 06707-000 – Cotia / Sp",,,
B&F Telecomunicações Ltda - Shopping Jequitiba - LOJA,4906728002858,Shopping Jequitiba,NEOR-005,B,BA,Itabuna,Jardim Vitoria ,"Av Aziz Maron, S/N Loja Lah26A 
",,,
B&F Telecomunicações Ltda - Shopping Metropolitano Barra - LOJA,4906728001967,Shopping Metropolitano Barra,NEOR-005,C,RJ,Rio de Janeiro,Jacarepagua ,"Av Ns Paa 10292 Pal 38883,135 Piso L1 Loja 1057",,,
B&F Telecomunicações Ltda - Shopping Palmas - KIOSQUE,4906728001452,Shopping Palmas,NEOR-005,C,TO,Palmas,Plano Diretor Sul ,"Q 101 Sul Nsa, Conj 02, Lote 10, Q 07, Palmas Shopping, S/N Cep: 77015-972 Plano Diretor Sul Palmas (To)",,,
B&F Telecomunicações Ltda - Shopping Plaza Macae - LOJA,4906728002009,Shopping Plaza Macae,NEOR-005,B,RJ,Macaé,Granja dos Cavaleiros,"Av Aloisio da Silva Gomes, 800 loja 104",,,
B&F Telecomunicações Ltda - Shopping Rio Anil - LOJA,4906728000804,Shopping Rio Anil,NEOR-005,B,MA,São Luis,Turu ,"Av Sao Luis Rei De Franca, 08 Loja: 1048 Cep: 65065-470 Turu São Luis (Ma)",,,
B&F Telecomunicações Ltda - Shopping Taubaté  - KIOSQUE,4906728002777,Shopping Taubaté ,NEOR-005,C,SP ,Taubate ,Vila Costa,Avenida Charles Schnneider - QUIOSQUE 17,,,
B&F Telecomunicações Ltda - Shopping Tocantins - KIOSQUE,4906728001100,Shopping Tocantins,NEOR-005,C,MA,Imperatriz,Centro ,"R Piaui, 580,  1 Piso; Quiosq: Q12; : Tocantins Shopping; : Center; Cep: 65901-600, Centro, Imperatriz - Ma",,,
B&F Telecomunicações Ltda - Via Parque Shopping - KIOSQUE,4906728003234,Via Parque Shopping,NEOR-005,C,RJ ,Rio de Janeiro,Barra da Tijuca,AVENIDA AYRTON SENNA 3000 KSK 25 ,,,
B&F Telecomunicações Ltda - Via Vale Garden Shopping - LOJA,4906728001886,Via Vale Garden Shopping,NEOR-005,B,SP,Taubate ,Jardim Baronesa ,"Avenida Dom Pedro I, 7181 Loja 20 - Piso L1 - Via Vale Garden Shopping Jardim Baronesa Cep 12091-000 Taubate",,,
C I L Comercio De Informatica Ltda (Nagem) - Guararapes - LOJA,24073694003502,Guararapes,NEOR-006,B,PE,Jaboatão dos Guararapes,Piedade,"AV BARRETO DE MENEZES, 800 SUC 237",,,
C I L Comercio De Informatica Ltda (Nagem) - Iguatemi Fortaleza - LOJA,24073694002794,Iguatemi Fortaleza,NEOR-006,B,CE,Fortaleza,Edson Queiroz ,"Av. Washington Soares, 85 - Água Fria - Fortaleza - (Loja 603)",,,
C I L Comercio De Informatica Ltda (Nagem) - Manaira Shopping - LOJA,24073694005548,Manaira Shopping,NEOR-006,B,PB,João Pessoa,Loteamento Parque Verde ,"Av Governador Flavio Ribeiro Coutinho, 220  - Loja T0401 Piso Terreo - Cep: 58310-000 - Loteamento Parque Verde - Cabedelo (Pb)",,,
C I L Comercio De Informatica Ltda (Nagem) - Midway Mall - LOJA,24073694004495,Midway Mall,NEOR-006,B,RN,Natal,Tirol,"Av Bernardo Vieira, 3775 - Loja 372 E 372A Piso L3 Shopping Midway Mall - Cep: 59015-900 - Tirol - Natal (Rn)",,,
C I L Comercio De Informatica Ltda (Nagem) - Osasco Plaza Shopping - LOJA,24073694004819,Osasco Plaza Shopping,NEOR-006,C,SP,Osasco,Centro ,"R Tenente Avelar Pires De Azevedo, 81 Loja 158/9 ",,,
C I L Comercio De Informatica Ltda (Nagem) - Plaza Casa Forte - LOJA,24073694007591,Plaza Casa Forte,NEOR-006,C,PE,Recife,Casa Forte,"Rua Doutor João Santos Filho, 255 - Piso L3 - Espaço comercial 156/157",,,
C I L Comercio De Informatica Ltda (Nagem) - São Bernardo Plaza Shopping - LOJA,24073694004576,São Bernardo Plaza Shopping,NEOR-006,C,SP,São Bernardo,Centro ,"Av. Rotary, 624 -Loja 2776 Piso L2 ",,,
C I L Comercio De Informatica Ltda (Nagem) - Shopping Aricanduva - LOJA,24073694006005,Shopping Aricanduva,NEOR-006,B,SP,São Paulo,Jardim Aricanduva,"Av Aricanduva, 5555, Jardim Aricanduva - São Paulo/SP (CEP 03527-009) Loja 238",,,
C I L Comercio De Informatica Ltda (Nagem) - Shopping Ibirapuera - LOJA,24073694005700,Shopping Ibirapuera,NEOR-006,B,SP,São Paulo,Indianapolis ,"Av Ibirapuera, 3103 - Suc 61 Piso Campo Belo Shopping Center Ibirapuera Cep: 04029-902 Indianapolis - Sao Paulo - Sp",,,
C I L Comercio De Informatica Ltda (Nagem) - Shopping Interlagos - LOJA,24073694005890,Shopping Interlagos,NEOR-006,B,SP,São Paulo,Jardim Umuarama ,"Av Interlagos, 2255, Arco 259/260, Bairo Jardim Umuarama - Sao Paulo/Sp (04661-903)",,,
C I L Comercio De Informatica Ltda (Nagem) - Shopping Internacional de Guarulhos - LOJA,24073694004738,Shopping Internacional de Guarulhos,NEOR-006,B,SP,Guarulhos,Itapegica ,R Engenheiro Camilo Olivetti 295 Loja L04 E L05 Piso Superior Inter Shop Guarulhos Cep: 07042-040 Itapegica - Guarulhos,,,
C I L Comercio De Informatica Ltda (Nagem) - Shopping Jardim Sul - LOJA,24073694004657,Shopping Jardim Sul,NEOR-006,B,SP,São Paulo,Morumbi ,"Av. Giovanni Gronchi, 5819 - Loja 417, 418 E 419 Piso 2 Shopping Jardim Sul - Morumbi, São Paulo, Cep: 05724-020",,,
C I L Comercio De Informatica Ltda (Nagem) - Shopping Jardins - KIOSQUE,24073694005203,Shopping Jardins,NEOR-006,C,SE,Aracaju,Jardins ,"Av Ministro Geraldo Barreto Sobral, 215 - Quiosq: 24 - Cep: 49026-010 - Jardins - Aracaju(Se)",,,
C I L Comercio De Informatica Ltda (Nagem) - Shopping Metropole - LOJA,24073694004908,Shopping Metropole,NEOR-006,C,SP,São Bernardo,Centro ,"Praça Samuel Sabatini, 200 - Loja 224 E 225 ",,,
C I L Comercio De Informatica Ltda (Nagem) - Shopping Patio Paulista - LOJA ,24073694005467,Shopping Patio Paulista,NEOR-006,B,SP,São Paulo,Bela Vista ,"R Treze De Maio, 1947 - piso paulista",,,
C I L Comercio De Informatica Ltda (Nagem) - Shopping Plaza Sul - LOJA,24073694005033,Shopping Plaza Sul,NEOR-006,B,SP,São Paulo,Jardim Saude ,"Praça Leonor Kaupa, 100 - Loja 181 Piso Imigrantes",,,
C I L Comercio De Informatica Ltda (Nagem) - Shopping Premio - LOJA,24073694008806,Shopping Premio,NEOR-006,C,SE,Nossa Senhorado Socorro,Conjunto Marcos Freire I ,"Av Coletora , A Loja 71 E 72  S/N
",,,
C I L Comercio De Informatica Ltda (Nagem) - Shopping Recife - KIOSQUE,24073694009020,Shopping Recife,NEOR-006,B,PE,Recife,Boa Viagem,"Shopping Recife, R. Padre Carapuceiro, 777 ",,,
C I L Comercio De Informatica Ltda (Nagem) - Shopping Recife - KIOSQUE,24073694008300,Shopping Recife,NEOR-006,C,PE,Recife,Boa Viagem,"Shopping Recife, R. Padre Carapuceiro, 777 ",,,
C I L Comercio De Informatica Ltda (Nagem) - Shopping Rio Mar Aracaju - KIOSQUE,24073694005386,Shopping Rio Mar Aracaju,NEOR-006,C,SE,Aracaju,Coroa Do Meio ,"Av Luiz Lua Gonzaga,400 - Quiosq: Q206; Cep: 49035-500 - Coroa Do Meio - Aracaju(Se)",,,
C I L Comercio De Informatica Ltda (Nagem) - Shopping Rio Mar Fortaleza - LOJA,24073694006609,Shopping Rio Mar Fortaleza,NEOR-006,C,CE,Fortaleza,Papicu,"R Lauro Nogueira, 1355 : Luc 1140; ",,,
C I L Comercio De Informatica Ltda (Nagem) - Shopping RioMar Recife - LOJA,24073694004223,Shopping RioMar Recife,NEOR-006,B,PE,Recife,Pina ,"Av. República Do Líbano, 251 - Loja 1141, Sc 109 Do Piso L1 - Pina -  Recife (Pe) - Cep: 51110-160",,,
C I L Comercio De Informatica Ltda (Nagem) - Shopping SP Market - LOJA,24073694005114,Shopping SP Market,NEOR-006,C,SP,São Paulo,Socorro ,"Av Das Nacoes Unidas, 22.540 - Loja A6-23 Shopping Sp Market Center Cep: 04795-000 - Socorro - Sp",,,
C I L Comercio De Informatica Ltda (Nagem) - Shopping Super Osasco  - KIOSQUE,24073694007320,Shopping Super Osasco ,NEOR-006,C,SP ,Osasco,Industrial Autonomistas," Avenida dos Autonomistas, 1768",,,
C I L Comercio De Informatica Ltda (Nagem) - Shopping União de Osasco - LOJA,24073694005971,Shopping União de Osasco,NEOR-006,B,SP,Osasco,Vila Yara ,"Av Dos Autonomistas, 1400 Arco 305 ",,,
C I L Comercio De Informatica Ltda (Nagem) - Tacaruna - LOJA,24073694004142,Tacaruna,NEOR-006,C,PE,Recife,Santo Amaro ,"AV GOVERNADOR AGAMENON MAGALHAES S/N, 153 LUC 47 ; : 1 PAVIMENTO; ",,,
Cs Sao Paulo Comercio De Eletronicos Ltda  - Center Shopping Uberlandia - LOJA,18412149000305,Center Shopping Uberlandia,NEOR-007,C,MG,Uberlandia,Tibery ,"Av Joao Naves De Avila, 1331 - Loja: 1214 - Cep: 38405-140 Tibery Uberlandia Mg",,,
Cs Sao Paulo Comercio De Eletronicos Ltda  - Shopping Center 3 - LOJA,18412162000526,Shopping Center 3,NEOR-007,C,SP,São Paulo,Bela Vista ,Av Paulista 2064 - Loja: Luc A-41 B,,,
Cs Sao Paulo Comercio De Eletronicos Ltda  - Shopping Frei Caneca - LOJA,18412162000445,Shopping Frei Caneca,NEOR-007,C,SP,São Paulo,Consolacao ,"Rua Frei Caneca, 569 - Loja 310 ",,,
Cs Sao Paulo Comercio De Eletronicos Ltda  - Shopping Metro Itaquera - LOJA,18412162000364,Shopping Metro Itaquera,NEOR-007,B,SP,São Paulo,Vila Campanela ,"Av Jose Pinheiro Borges, S/N,  Espaço Comercpial 158; Vila Campanela, São Paulo-Sp",,,
Cs Sao Paulo Comercio De Eletronicos Ltda  - Shopping Penha - LOJA,18412162000798,Shopping Penha,NEOR-007,C,SP,São Paulo,Penha De Franca ,"R Doutor Joao Ribeiro 304 : Espaco De Uso Com.; : Euc N 2108/11; : Piso Antonio Lobo; 
",,,
Cs Sao Paulo Comercio De Eletronicos Ltda  - Shopping Taboão - LOJA,18412162000607,Shopping Taboão,NEOR-007,C,SP,Taboão da Serra,Cidade Intercap,"Rodovia Régis Bittencourt, 271,5 loja 51",,,
Cs Sao Paulo Comercio De Eletronicos Ltda  - Uberaba Shopping - LOJA,18412149000224,Uberaba Shopping,NEOR-007,C,MG,Uberaba ,Sao Benedito ,"Av Santa Beatriz Da Silva, 1501 : Suc 256; Cep: 38020-433 Sao Benedito Uberaba Mg",,,
Esb Telefones Ltda - Salvador Norte Shopping - LOJA,660296000410,Salvador Norte Shopping,NEOR-008,B,BA,Salvador,Sao Cristovao,"Rod Ba-526, 305 - Salvador Norte Shopping Loja 2004 2 Piso - Cep: 41510-000  - Sao Cristovao - Salvador (Ba)",,,
Esb Telefones Ltda - Salvador Shopping - LOJA,660296000258,Salvador Shopping,NEOR-008,A,BA,Salvador,Caminho Das Arvores ,"Av. Tancredo Neves,  3133 - Caminho Das Árvore - Loja 1084 - Salvador (Ba) - Cep: 41820-021",,,
Esb Telefones Ltda - Shopping Barra Salvador - LOJA,660296000177,Shopping Barra Salvador,NEOR-008,B,BA,Salvador,Chame-Chame ,"Av Centenario, 2992 - Loja 149 A L 1 Shopping Barra - Cep: 40155-150 - Chame-Chame - Salvador - Sp",,,
Esb Telefones Ltda - Shopping Bela Vista - KIOSQUE,660296000762,Shopping Bela Vista,NEOR-008,C,BA,Salvador,Horto Bela Vista ,"Al Euvaldo Luz, 92 Quiosque Q19,1 Piso L1 ",,,
Esb Telefones Ltda - Shopping da Bahia Piso 1 - LOJA,660296000843,Shopping da Bahia Piso 1,NEOR-008,C,BA,Salvador,Caminho Das Arvores ,"Avenida Tancredoneves, 148 Loja09 E 10 Quadrab",,,
Esb Telefones Ltda - Shopping da Bahia Piso 3 - LOJA,660296000339,Shopping da Bahia Piso 3,NEOR-008,A,BA,Salvador,Caminho Das Arvores ,"Av.Tancredo Neves Nº 148, Loja 1 A 3, 3º Piso, Quadra X Caminho Das Arvores, Cep 41820-908, Salvador/Ba.",,,
Esb Telefones Ltda - Shopping Lapa - KIOSQUE,660296000924,Shopping Lapa,NEOR-008,C,BA,Salvador,Caminho Das Arvores ,"Av Tancredo Neves, 148 Loja 09 E 10 Quadrab Shopping Iguatemi 
",,,
Esb Telefones Ltda - Shopping Paralela - LOJA,660296000509,Shopping Paralela,NEOR-008,B,BA,Salvador,Paralela ,"Av Luiz Viana Filho, 8544 - Quadra E, Loja 106, 1º Piso - Cep: 41701-005 Paralela - Salvador (Ba)",,,
Infostore Computadores Da Amazonia Ltda - Amazonas Shopping - LOJA,2337524000874,Amazonas Shopping,NEOR-009,B,AM,Manaus,Parque Dez De Novembro,"Av. Djalma Batista, 482 -  Lj. 143 - 1º Piso - Flores - Manaus (Am) - Cep: 69050-010",,,
Infostore Computadores Da Amazonia Ltda - Boulevard Shopping Bélem - KIOSQUE,2337524002907,Boulevard Shopping Bélem,NEOR-009,C,PA,Belém,Reduto ,"Av: Visconde de Souza Franco, 776 - Complemento - Quiosque -113, -Reduto- Bélem/PA - Cep: 66.053-000",,,
Infostore Computadores Da Amazonia Ltda - Boulevard Shopping Belem - LOJA,2337524000955,Boulevard Shopping Belem,NEOR-009,A,PA,Belém,Reduto ,"Av. Visconde De Souza Franco, 776 Lj. 110 - Reduto - Belém (Pa) - Cep: 66053-000",,,
Infostore Computadores Da Amazonia Ltda - Manauara Shopping - LOJA,2337524001501,Manauara Shopping,NEOR-009,A,AM,Manaus,Adrianopolis ,Av Mario Ypiranga 1300 Loja 67/68  1º Piso Manauara Shop - Cep: 69057-002 Adrianopolis - Manaus (Am),,,
Infostore Computadores Da Amazonia Ltda - Parque Shopping Belem - LOJA,2337524001765,Parque Shopping Belem,NEOR-009,C,PA,Belém,Parque Verde ,"Rod. Augusto Montenegro, 4300 Loja 1027/1028 1°Piso; Parque Verde - Belém - Pa ",,,
Infostore Computadores Da Amazonia Ltda - Partage Shopping Parauapebas - LOJA,2337524002141,Partage Shopping Parauapebas,NEOR-009,C,PA,Parauapebas,NUCLEO RES. E DE SERV. CARAJAS ,"ROD PA 275 KM 61,6 LOTE 01A, LOJA: 44/45 ; : PARTAGE SHOPPING ; PARAUAPEBAS - QUADRA S/N; ",,,
Infostore Computadores Da Amazonia Ltda - Porto Velho Shopping - LOJA,2337524001331,Porto Velho Shopping,NEOR-009,B,RO,Porto Velho,Flodoaldo Pontes Pinto ,"Av Rio Madeira, 3288 - Loja 230/231 2 Piso Porto Velho Shopping - Cep: 76820-408 - Flodoaldo Pontes Pinto - Porto Velho - Ro",,,
Infostore Computadores Da Amazonia Ltda - Shopping Patio Belem - LOJA,2337524001412,Shopping Patio Belem,NEOR-009,B,PA,Belém,Batista Campos ,"Tv Padre Eutiquio, 1078 Loja 120 1º Piso - Shopping Pátio Belém Cep 66023-710 Batista Campos",,,
Infostore Computadores Da Amazonia Ltda - Shopping Patio Maraba - LOJA,2337524001927,Shopping Patio Maraba,NEOR-009,B,PA,Marabá,Nova Maraba ,Q Quadra 15 Folha 30 Loe 10 S/N - Loja 248/249 2 Piso Shopping Center Patio Maraba - Cep: 68507-445 - Nova Maraba - Maraba (Pa),,,
Infostore Computadores Da Amazonia Ltda - Shopping Ponta Negra - LOJA,2337524001099,Shopping Ponta Negra,NEOR-009,C,AM,Manaus,Ponta Negra ,"Av Cel Teixeira, 5705 - Loja 68 1 Piso Shopping Ponta Negra - Cep: 69037-000 - Ponta Negra - Manaus (Am)",,,
Infostore Computadores Da Amazonia Ltda - Sumauma Park Shopping  - LOJA,2337524002222,Sumauma Park Shopping ,NEOR-009,C,AM,Manaus,Cidade Nova ,"Av. Noel Nutel  Nº 1762 PISO ARARA, LOJAS 2077,2078). ",,,
Infostore Computadores Da Amazonia Ltda - Via Verde Shopping - LOJA,2337524001684,Via Verde Shopping,NEOR-009,B,AC,Rio Branco,Floresta Sul ,"Est Da Floresta, 2320 - Loja 20/21/22 1 Piso Do Via Verde Shopping- Cep: 69912-900 - Floresta Sul- Rio Branco (Ac)",,,
Jufap Administracao E Participacao - Boulevard Londrina  - KIOSQUE,81214819002016,Boulevard Londrina ,NEOR-010,C,PR,Londrina,Helena ,"Av. Theodoro Victorelli, 150 - Quiosque MIK-714",,,
Jufap Administracao E Participacao - Maringá Park Shopping - KIOSQUE,81214819001982,Maringá Park Shopping,NEOR-010,C,PR,Maringá,Helena ,"Av. São Paulo, 1099 – Quiosque Q130 – 1º Piso",,,
Jufap Administracao E Participacao - Park Shopping Barigui - KIOSQUE,81214819001630,Park Shopping Barigui,NEOR-002,B,PR,Curitiba,Mossungue ,"Rua: Pedro Viriato Parigot De Sousa, 600 - Cep 81200-100 - Loja Luc 275 - Mossungue  - Curitiba (Pr)",,,
Jufap Administracao E Participacao - Shopping Avenida Center - KIOSQUE,81214819001478,Shopping Avenida Center,NEOR-010,C,PR,Maringá,Centro,"Av. São Paulo, 763 - Q-002 1 piso Maringa Bairro zona 09",,,
Jufap Administracao E Participacao - Shopping Center São Jose - KIOSQUE,81214819001397,Shopping Center São Jose,NEOR-010,C,PR,São José dos Pinhais,Centro,"R Izabel A Redentora, 1434 Quiosque Q-103 Shopping Sao Jose ",,,
Jufap Administracao E Participacao - Shopping Palladium - KIOSQUE,81214819001206,Shopping Palladium,NEOR-010,B,PR,Curitiba,Portao ,"Av. Presidente Kennedy, 4121 - Loja Q-118 Shop Palladium - Cep: 80610-905 - Portão - Curitiba",,,
Kadri Comercio De Eletronicos Ltda - Goiabeiras Shopping - LOJA,1030685001153,Goiabeiras Shopping,NEOR-011,C,MT,Cuiabá,Duque De Caxias ,"Av General Neves, 121 - Loja 177 Shopping Center Goiabeiras - Cep: 78043-256 Duque De Caxias - Cuiabá Mt",,,
Kadri Comercio De Eletronicos Ltda - Goiabeiras Shopping Kiosk - KIOSQUE,1030685001900,Goiabeiras Shopping,NEOR-011,C,MT,Cuiabá,Duque De Caxias ,"Av General Neves, 121 - Loja 177 Shopping Center Goiabeiras - Cep: 78043-256 Duque De Caxias - Cuiabá Mt",,,
Kadri Comercio De Eletronicos Ltda - Rondon Plaza Shopping - LOJA,1030685002397,Rondon Plaza Shopping,NEOR-011,C,MT,Rondonópolis,Parque Sagrada Familia ,"Av Rotary Internacional, 1950 - Edif Rondon Plaza Shoppinsala Loja 208/09-A - Cep 78735-219 -N Parque Sagrada Familia - Rondonopolis - Mt",,,
Kadri Comercio De Eletronicos Ltda - Shopping 3 Americas - KIOSQUE,1030685001234,Shopping 3 Americas,NEOR-011,C,MT,Cuiabá,Jardim Das Americas,"Av Brasilia, 146 - Qp-02 1 Piso Bloco B Shopping Tres Americas - Cep: 78060-601 - Jardim Das Americas - Cuiaba (Mt)",,,
Kadri Comercio De Eletronicos Ltda - Shopping Pantanal - LOJA,1030685000696,Shopping Pantanal,NEOR-011,A,MT,Cuiabá,Bosque Da Saude ,"Av. Historiador Rubens De Mendonca, 3300 Complemento Sala 2026 E 2027. Cep 78050-000  Bairro Distrito Bosque Da Saude ",,,
Kadri Comercio De Eletronicos Ltda - Shopping Pantanal Kiosk - KIOSQUE,1030685001315,Shopping Pantanal Kiosk,NEOR-011,C,MT,Cuiabá,Bosque Da Saude ,"Av. Historiador Rubens De Mendonça, 3300. Quiosque 320 Shopping Pantanal. Cep 78050-000  Bairro Distrito Bosque Da Saude ",,,
Kadri Comercio De Eletronicos Ltda - Shopping Pantanal Kiosk 2 - KIOSQUE,1030685001820,Shopping Pantanal Kiosk 2,NEOR-011,C,MT,Cuiabá,Bosque Da Saude ,"Av. Historiador Rubens De Mendonca, 3300 Complemento QUIOSQUE Q-103A PISO 1. Cep 78050-000  Bairro Distrito Bosque Da Saude ",,,
Kadri Comercio De Eletronicos Ltda - Shopping Varzea Grande - LOJA,1030685002206,Shopping Varzea Grande,NEOR-011,C,MT,Varzea Grande,Centro Sul,"Rua Filinto Muller S/N, Lote 01 a 15 Quadra 02 Lj 208",,,
Mastercell Com De Eletronicos Ltda - Balneario Camboriu Shopping - LOJA,2455036001752,Balneario Camboriu Shopping,NEOR-012,A,SC,Camboriu,Dos Estados ,"Av. Santa Catarina, 01 Sala 01 L150 Bairro Dos Estados Cep 88.339-005 Balneário Camburiu",,,
Mastercell Com De Eletronicos Ltda - Continente Park Shopping - LOJA,2455036001590,Continente Park Shopping,NEOR-012,B,SC,São José,Distrito Industrial ,Rod Br 101 - Sn - Km 211 Sala L104 - Cep: 88104-800 - Distrito Industrial - São José (Sc),,,
Mastercell Com De Eletronicos Ltda - Farol Shopping - LOJA,2455036003291,Farol Shopping,NEOR-012,C,SC,Tubarao,Aeroporto ,"Av Marcolino Martins Cabral, 2525- LOJA SUC 10 - Farol Shopping",,,
Mastercell Com De Eletronicos Ltda - Itajai Shopping Center - KIOSQUE,2455036002139,Itajai Shopping Center,NEOR-012,C,SC,Itajai,Centro ," Rua Samuel Heusi, 234, Quiosque 07  Cep: 88301-320 Centro ",,,
Mastercell Com De Eletronicos Ltda - Joinville Garten Shopping - LOJA,2455036001833,Joinville Garten Shopping,NEOR-012,B,SC,Joinville,Bom Retiro ,"R. Rolf Wiest, 333 loja 114 Bom Retiro Cep 89223-005 - Joinville",,,
Mastercell Com De Eletronicos Ltda - Lages Garden Shopping - LOJA,2455036003372,Lages Garden Shopping,NEOR-012,C,SC,Lages,Guaruja,Rod Br 282 Km 216 S/N Loja 24 E 25 Lages Guarden Shopping ,,,
Mastercell Com De Eletronicos Ltda - Nações Shopping - LOJA,2455036003534,Nações Shopping,NEOR-012,C,SC,Criciuma,Nossa Sra da Saleta,"Avenida Jorge Elias De Lucca, 677 - Bairro Nossa Sra da Saleta / Criciuma - SC (loja 124) CEP 88813-390",,,
Mastercell Com De Eletronicos Ltda - Neumarkt Shopping - LOJA,2455036003887,Neumarkt Shopping,NEOR-012,B,SC,Blumenau,Centro ,"R Sete De Setembro, 1213 - Loja 126  - Cep: 89010-911 - Centro - Blumenau",,,
Mastercell Com De Eletronicos Ltda - Norte Shopping Blumenau - KIOSQUE,2455036001914,Norte Shopping Blumenau,NEOR-012,C,SC,Blumenau,Salto Norte ,"Rod Br 470, 3000- Quiosq28 - Cep 89065-800 Bairro Salto Norte 
",,,
Mastercell Com De Eletronicos Ltda - Shopping Iguatemi Floripa - LOJA,2455036000780,Shopping Iguatemi Floripa,NEOR-012,A,SC,Florianópolis,Santa Monica ,"Av. Madre Benvenuta, 687 - Sala 269 - Cep: 88035-000 - Santa Mônica - Florianópolis (Sc)",,,
Mastercell Com De Eletronicos Ltda - Shopping Iguatemi Floripa - LOJA,2455036004182,Shopping Iguatemi Floripa,NEOR-012,C,SC,Florianópolis,Santa Monica ,"Av. Madre Benvenuta, 687 - Sala 269 - Cep: 88035-000 - Santa Mônica - Florianópolis (Sc)",,,
Mastercell Com De Eletronicos Ltda - Shopping Itaguaçu - LOJA,2455036002210,Shopping Itaguaçu,NEOR-012,C,SC,São José,Barreiros Sede ,"R Geroncio Thives, 1079 Loja 257 Bairro São Barreiros Sede",,,
Mastercell Com De Eletronicos Ltda - Shopping Mueller Joinville - KIOSQUE,2455036002481,Shopping Mueller Joinville,NEOR-012,C,SC,Joinville,Centro,"Rua Senador Felipe Schmidt, 235 (ksk18 - 2° Andar) - Centro, Joinville - SC, 89201-440",,,
Mastercell Com De Eletronicos Ltda - Shopping Patio Chapeco - LOJA,2455036003453,Shopping Patio Chapeco,NEOR-012,B,SC,Chapecó,Lider ,"Av Fernando Machado, 4000, D Loja 06, Lider - Chapecó - Sc ",,,
Mastercell Com De Eletronicos Ltda - Shopping Via Catarina  - KIOSQUE,2455036003615,Shopping Via Catarina ,NEOR-012,C,SC,Palhoça ,PAGANI,"AV ATÍLIO PEDRO PAGANI, N270, ANDAR 1 QUIOSQUE 3, CEP 88132-149, PALHOÇA-SC ",,,
Mms Do Brasil Ltda - Brisamar Shopping - LOJA,8339569000350,Brisamar Shopping,NEOR-013,C,SP,São Vicente,Centro,"R Frei Gaspar, 365 - Piso 2 loja 211 -  Sao Vicente ",,,
Mms Do Brasil Ltda - Litoral Plaza - LOJA,8339569000864,Litoral Plaza,NEOR-013,B,SP,Praia Grande,TUDE BASTOS (SITIO DO CAMPO),"AV AYRTON SENNA DA SILVA, 1511 LOJA 62",,,
Mms Do Brasil Ltda - Maua Plaza - LOJA,8339569001240,Maua Plaza,NEOR-013,C,SP,Maua,Centro,"Av Governador Mario Covas Junior (Vl F N Morelli), Nº1 Loja: 25/27; ",,,
Mms Do Brasil Ltda - Miramar Shopping - LOJA,8339569001674,Miramar Shopping,NEOR-013,B,SP,Santos,Gonzaga ,"Av Marechal Floriano Peixoto, 44 - Loja 53 - Cep: 11060-300 Gonzaga - Santos (Sp)",,,
Mms Do Brasil Ltda - Praiamar Shopping - LOJA,8339569000945,Praiamar Shopping,NEOR-013,A,SP,Santos,Aparecida ,"R. Alexandre Martins, N 80, Loja 01, Aparecida - Santos - Sp / Cep 11025-200",,,
Mrf Comercio De Celulares E Serviços Ltda Me - Boulevard Brasilia - KIOSQUE,12309173000418,Boulevard Brasilia,NEOR-014,B,DF,Brasília,Asa Norte ,"St Terminal Norte Conjunto J, S/N, Quiosque Qt23 Cep: 70770-100, Asa Norte, Brasilia- Df",,,
Mrf Comercio De Celulares E Serviços Ltda Me - Brasilia Shopping - LOJA,12309173000175,Brasilia Shopping,NEOR-014,A,DF,Brasília,Asa Norte ,"St Comercial Norte Quadra, 05 - Bloco A Loja 94S E 98S - Cep: 70715-900 - Asa Norte - Brasília (Df)",,,
Mrf Comercio De Celulares E Serviços Ltda Me - Goiania Shopping - LOJA,12309173000507,Goiania Shopping,NEOR-014,B,GO,Goiânia,Setor Bueno ,"Av T10, 1300, Setor Bueno - Quadra A, Lote 10/18, Salão M Uso 02, Loja 163/164 - Cep: 74223-060 -Goiana (Go)",,,
Mrf Comercio De Celulares E Serviços Ltda Me - JK Shopping & Tower - LOJA,12309173000841,JK Shopping & Tower,NEOR-014,C,DF,Brasília,Taguatinga ,"Q Qnm 34 Area Especial, 01, Loja 314 2 Pavimento - Cep: 72145-450 - Taguatinga - Brasilia - Df",,,
Mrf Comercio De Celulares E Serviços Ltda Me - Park Shopping Brasilia - LOJA,12309173000337,Park Shopping Brasilia,NEOR-014,A,DF,Brasília,Guara ,"St De Areas Isoladas/Sudoeste Area, 6580 - Luc 283/284 - Guara - Brasília (Df)Cep 71219-900 ",,,
Mrf Comercio De Celulares E Serviços Ltda Me - Shopping Conjunto Nacional Brasilia - LOJA,12309173000680,Shopping Conjunto Nacional Brasilia,NEOR-014,A,DF,Brasília,Asa Norte ,"St De Diversoes Norte Conjunto A, S/N - Loja 2072 2 Piso Cep: 70077-000 - Asa Norte - Brasilia (Df)",,,
Mrf Comercio De Celulares E Serviços Ltda Me - Shopping Iguatemi Brasilia - LOJA,12309173000256,Shopping Iguatemi Brasilia,NEOR-014,B,DF,Brasília,Lago Norte ,"St Shin Ca 4 Lote A, Sn - Loja 40 Piso Semi-Enterrado - Cep: 71503-504  - Lago Norte  - Brasília (Df)",,,
Mrf Comercio De Celulares E Serviços Ltda Me - Shopping Patio Brasil - LOJA,12309173000922,Shopping Patio Brasil,NEOR-014,A,DF,Brasília,Asa Sul,St Comercial Sul Quadra 07 Bloco A Sn Loja 01T Terreo Parte Loja T065/066 Asa Sul Brasilia - Df Cep: 70.307-902 ,,,
Mrf Comercio De Celulares E Serviços Ltda Me - Taguatinga Shopping - LOJA,12309173000760,Taguatinga Shopping,NEOR-014,A,DF,Brasília,Taguatinga ,Q Qs 01 Rua 210 Lote 40 Salao Comercial 3065 2 Pavimento Taguatinga Brasilia-Df,,,
Mrf Comercio De Celulares E Serviços Ltda Me - Terraço Shopping - LOJA,12309173001147,Terraço Shopping,NEOR-014,B,DF,Brasília,Sudoeste,SHC /AO/S EA 2/8 Lote 05 - Loja 286 - 1º Pavimento,,,
Multisom - Barra Shopping Sul - LOJA,4112118012764,Barra Shopping Sul,NEOR-015,B,RS,Porto Alegre,Cristal,"Av. Diário De Notícias, 300, Luc 1042, Piso Joquei - Cristal, Porto Alegre - Rs, 90810-080",,,
Multisom - Bourbon Center Lar - LOJA,4112118013060,Bourbon Center Lar,NEOR-015,C,RS,Porto Alegre,Sarandi,Av.  Sertorio 8000 - loja 132 à 134 - Bairro Sarandi - Porto Alegre RS,,,
Multisom - Bourbon Novo Hamburgo - LOJA,4112118012330,Bourbon Novo Hamburgo,NEOR-015,B,RS,Novo Hamburgo,Centro ,"Av Nacoes Unidas Número 2001, Loja 1062 Cep 93320-021 

",,,
Multisom - Bourbon São Leopoldo - LOJA,4112118012500,Bourbon São Leopoldo,NEOR-015,C,RS,São Leoplodo,Centro ,"R Primeiro De Março Nº 821 Loja 289 Loja 290 Cep 93010-210 
",,,
Multisom - Bourbon Shopping Ipiranga - KIOSQUE,4112118013302,Bourbon Shopping Ipiranga,NEOR-015,C,RS,Porto Alegre ,Jardim Botanico,"Av Ipiranga, 5200 Quiosque 03   Jardim Botanico Cep 90610-000 ",,,
Multisom - Bourbon Shopping Wallig - LOJA,4112118013140,Bourbon Shopping Wallig,NEOR-015,B,RS,Porto Alegre,Cristo Redentor,"Av Assis Brasil, 2611 Loja 203 Cristo Redentor",,,
Multisom - Canoas Shopping - LOJA,4112118014546,Canoas Shopping,NEOR-015,B,RS,Canoas,Centro ,"Av Guilherme Schell, 6750 - Loja A74/A75 - Cep: 92310-001 - Centro - Canoas - Rn",,,
Multisom - Praça Rio Grande Shopping Center - LOJA,4112118014031,Praça Rio Grande Shopping Center,NEOR-015,C,RS,Rio Grande ,Vila Sao Miguel ,"Rua Jockey Clube,155 Loja 46, Shoppi Bairro Vl Sao Miguel  Cep 96212-730",,,
Multisom - Royal Plaza Shopping - LOJA,4112118012250,Royal Plaza Shopping,NEOR-015,C,RS,Santa Maria,Ns. Das Dores ,"Av Nossa Senhora Das Dores, 305 - Loja 360 - Cep: 97050-531 - Nossa Senhora Das Dores - Santa Maria (Rs)",,,
Multisom - Shopping Bella Citta - LOJA,4112118014708,Shopping Bella Citta,NEOR-015,B,RS,Passo Fundo,Centro ,"R Coronel Chicuta, 355 Loja 11 Shopping Bella Citta - Cep: 99010-050 - Centro - Passo Fundo - Rs",,,
Multisom - Shopping Bourbon Country - KIOSQUE,4112118013221,Rondon Plaza Shopping,NEOR-011,C,RS,Porto Alegre ,Passo D'Areia,"Av Tulio De Rose, 80 Quiosqq 01Q05  Passo D'Areia cep 91340-110
",,,
Multisom - Shopping Gravatai - LOJA,4112118014627,Shopping Gravatai,NEOR-015,C,RS,Gravataí,Passo Das Pedras ,Av. Centenário 555 Loja 242 A - Passo Das Pedras - Gravataí- Rs Cep. 94035-240,,,
Multisom - Shopping Iguatemi POA - LOJA,4112118011954,Shopping Iguatemi POA,NEOR-015,A,RS,Porto Alegre,Passo Dareia ,"Av Joao Wallig, 1800 - Loja 126 Cep: 91340-001 - Passo Dareia - Porto Alegre (Rs)",,,
Multisom - Shopping Pelotas - LOJA,4112118014465,Shopping Pelotas,NEOR-015,C,RS,Pelotas,Areal ,"Av. Ferreira Viana, 1526 - Lj 28, Areal - 96085-000 - Pelotas",,,
Multisom - Shopping Praia de Belas - LOJA,4112118012845,Shopping Praia de Belas,NEOR-015,B,RS,Porto Alegre,Menino Deus,"Av Praia De Belas, 1181 Loja 3060 CEP 90110-001 Praia de Belas",,,
Multisom - Shopping Total - KIOSQUE,4112118014899,Shopping Total,NEOR-015,C,RS,Porto Alegre,Floresta ,Av Cristovão Colombo 35 - Quiosque 38 - Bairro  Floresta - Cep 90560-003,,,
Primetek - Flamboyant Shopping Center - LOJA,7851862000410,Flamboyant Shopping Center,NEOR-016,B,GO,Goiânia,Jardim Goias ,"Av. Deputado Jamel Cecílio, N° 3300 – Qd.B-34 Lt.2E – Loja S-258 – Jardim Goiás – Cep 74810-907 – Goiânia – Go.",,,
Primetek - Portal Shopping - LOJA,7851862001653,Portal Shopping,NEOR-016,C,GO,Goiânia,Capuava ,"Av Anhanguera Número 
14.404 
Complemento 
Quadra Area Lote 39 A/E Luc 290 Cep 
74450-010  Bairro/Distrito 
Capuava ",,,
Primetek - Shopping Buriti - LOJA,7851862001300,Shopping Buriti,NEOR-016,C,GO,Aparecida de Goiânia,Vila Sao Tomaz ,"Av. Rio Verde, Sem Número - Qd. 102, Piso Térrio - Loja 177 - Cep 74916-260 - Goiânia - Go.",,,
Primetek - Shopping Buriti Rio Verde - LOJA,7851862001815,Shopping Buriti Rio Verde,NEOR-016,C,GO,Rio Verde ,Residencial Jardim Campestre,"R O, 1044 Quadra015 Lote 01 Luc'S: 007/008 Cep 75.907-681 Bairro  Residencial Jardim Campestre Rio Verde Go",,,
Primetek - Shopping Passeio das Aguas - LOJA,7851862001572,Shopping Passeio das Aguas,NEOR-016,C,GO,Goiânia,Fazenda Caveiras ,"Av Perimetral Norte, 8303, Loja 113/114 Andar Terreo Piso 1 Cep: 74445-360 - Fazenda Caveiras - Goiania (Go)",,,
Primetek - Shopping Sul - LOJA,7851862001734,Shopping Sul,NEOR-016,C,GO,Val Paraiso,Parque Esplanada Iii,"Br 040 Km 12, Gleba F, S/N , Qd 01, Lt 01",,,
Prosperus Comercio E Serviços - Barra Shopping - LOJA,17655759001004,Barra Shopping,NEOR-017,A,RJ,Rio de Janeiro,Barra Da Tijuca,"Av das Américas 4666 loja 108/114 H, Barra da Tijuca Rio de Janeiro- RJ CEP: 22640-902",,,
Prosperus Comercio E Serviços - Boulevard Shopping Feira de Santana - KIOSQUE,17655759000962,Boulevard Shopping Feira de Santana,NEOR-017,C,BA,Feira de Santana,Caseb,"Av. João Durval Carneiro, 3655 - Caseb, Feira de Santana - BA, 44052-064",,,
Prosperus Comercio E Serviços - Shopping Itaguari - KIOSQUE,17655759001187,Shopping Itaguari,NEOR-017,C,BA,Santo Antônio de Jesus,Centro,"Av. Governador Roberto Santos, 96 - lj. 117",,,
Prosperus Comercio E Serviços - Shopping Mestre Alvaro - KIOSQUE,17655759000539,Shopping Mestre Alvaro,NEOR-017,C,ES,Serra,Eurico Salles ,"Av Joao Palacio S/N, 300 - Loja: Q106A; Cep: 29160-925 -Eurico Salles - Serra - Es",,,
Prosperus Comercio E Serviços - Shopping Moxuara - LOJA,17655759000881,Shopping Moxuara,NEOR-017,C,ES,Cariacica,São Francisco,"Rod Br-262 6555, 6555 Km: 5; Loja: 306 A/B; : Piso L-3; : Shopping Moxara; ",,,
Prosperus Comercio E Serviços - Shopping Praia da Costa - KIOSQUE,17655759000458,Shopping Praia da Costa,NEOR-017,C,ES,Vila Velha,Praia Da Costa ,Av Doutor Olivio Lira 353 Loja: Q107A; Cep: 29101-260 - Praia Da Costa - Vila Velha -  Es,,,
Prosperus Comercio E Serviços - Shopping Rio Sul - KIOSQUE,17655759000296,Shopping Rio Sul,NEOR-017,C,RJ,Rio de Janeiro,Botafogo ,"Rua Lauro Sodré, 445 - LOJA 101 QAQ17 - Botafogo Rj Cep 22290-070",,,
Prosperus Comercio E Serviços - Shopping Rio Sul - LOJA,17655759000377,Shopping Avenida Center,NEOR-010,B,RJ,Rio de Janeiro,Botafogo ,"Rua Lauro Sodré, 445 - LOJA: 301 PARTE C-34 3AND - Botafogo Rj Cep 22290-070",,,
Prosperus Comercio E Serviços - Shopping Vila Velha - KIOSQUE,17655759000709,Shopping Vila Velha,NEOR-017,C,ES,Vila Velha,Divino Espirito Santo,R. Luciano das Neves 2418 - Quiosque 1009 Piso 01,,,
Prosperus Comercio E Serviços - Shopping Vitoria - LOJA,17655759000105,Shopping Vitoria,NEOR-017,A,ES,Vitória,Enseada Do Sua ,"Av. Américo Buaiz, 200 Loja 604 - Enseada Do Suá Vitória - Espírito Santo Cep: 29050-902    ",,,
Prosperus Comercio E Serviços - Shopping Vitoria Kiosk - KIOSQUE,17655759000610,Shopping Vitoria Kiosk,NEOR-017,C,ES,Vitória,Enseada Do Sua ,Av Americo Buaiz 200 Loja: S103 Enseada Do Sua ; Municipio De Vitoria ,,,
Rake & Rai Telecomunicacoes Ltda - Shopping Boulevard Tatuape - KIOSQUE,1452789002047,Shopping Boulevard Tatuape,NEOR-018,C,SP,São Paulo,Tatuapé,"R GONCALVES CRESPO, 78 - Tatuapé, São Paulo - SP (03.066-030) - QUIOSQ: 29; PAVMTO: 1",,,
Rake & Rai Telecomunicacoes Ltda - Shopping Central Plaza - KIOSQUE,1452789002209,Shopping Central Plaza,NEOR-018,C,SP,São Paulo,Vila Prudente,"Av Dr Francisco de Mesquita, 1000",,,
Rake & Rai Telecomunicacoes Ltda - Shopping Iguatemi Caxias do Sul - LOJA,1452789001903,Shopping Iguatemi Caxias do Sul,NEOR-018,A,RS,Caxias do Sul,Desvio Rizzo ,"Rod Rsc 453 Km 3,5, 2780 - Loja 162 Cep: 95110-130 - Desvio Rizzo - Caxias Do Sul (Rs)",,,
Rake & Rai Telecomunicacoes Ltda - Shopping Metro Tatuape - KIOSQUE,1452789002390,Shopping Metro Tatuape,NEOR-018,C,SP,São Paulo,Tatuapé,"Avenida Radial Leste, s/n Quiosque : s/n Piso : S",,,
Rake & Rai Telecomunicacoes Ltda - Shopping Metro Tatuape - LOJA,1452789001318,Shopping Metro Tatuape,NEOR-018,B,SP,São Paulo,Tatuapé,"Avenida Radial Leste, s/n Loja: 129 Piso Tatuape",,,
Rake & Rai Telecomunicacoes Ltda - Shopping Metro Tucuruvi - LOJA,1452789001741,Shopping Metro Tucuruvi,NEOR-018,B,SP,São Paulo,Parada Inglesa ,"Av Doutor Antonio Maria Laet, 566 - Loja 11.1 Primeiro Piso Terreo Cep: 02240-000 - Parada Inglesa - São Paulo (Sp)",,,
Rake & Rai Telecomunicacoes Ltda - Shopping Praça da Moça - KIOSQUE,1452789000427,Shopping Praça da Moça,NEOR-018,C,SP,Diadema,Centro,"Rua Manoel Da Nobrega, 712 - Q13 Piso Paineiras",,,
Rake & Rai Telecomunicacoes Ltda - Shopping San Pelegrino - KIOSQUE,1452789002128,Shopping San Pelegrino,NEOR-018,C,RS,Caxias do Sul,São Pelegrino,"Av. Rio Branco, 452, QN03 – Bairro São Pelegrino – Caxias do Sul – RS CEP: 98450-000",,,
Rastrecall  Representações Comerciais  - Américas Shopping - KIOSQUE,5053441007854,Américas Shopping,NEOR-019,C,RJ,Rio de Janeiro,Recreio dos Bandeirantes,"Av das Américas, n15.500, Recreio dos Bandeirantes, Rio de Janeiro/RJ (Kiosk 2A – L1) CEP:22790-702",,,
Rastrecall  Representações Comerciais  - Américas Shopping - KIOSQUE,5053441007188,Américas Shopping,NEOR-019,C,RJ,Rio de Janeiro,Recreio dos Bandeirantes,"Av das Américas, n15.500, Recreio dos Bandeirantes, Rio de Janeiro/RJ (Kiosk 2A – L1) CEP:22790-702",,,
Rastrecall  Representações Comerciais  - Boulevard Rio - KIOSQUE,5053441006297,Boulevard Rio,NEOR-019,C,RJ,Rio de Janeiro, Vila Isabel,"RUA BARÃO DE SÃO FRANCISCO, 236 QUIOSQUE 103 – VILA ISABEL – CEP 20560-030",,,
Rastrecall  Representações Comerciais  - Carioca Shopping - KIOSQUE,5053441003271,Carioca Shopping,NEOR-019,C,RJ,Rio de Janeiro,Vicente De Carvalho ,"Avenida Vicente De Carvalho, 909,quiosque 105 piso 1 - VICENTE DE CARVALHO,  Rio De Janeiro - Rj, ",,,
Rastrecall  Representações Comerciais  - Center Shopping - KIOSQUE,5053441006106,Center Shopping,NEOR-019,C,RJ,Rio de Janeiro,TANQUE,"Rua Geremario Dantas, 404 - Rio de Janeiro / RJ - QUIOSQ: Q11 PISO L1",,,
Rastrecall  Representações Comerciais  - Ilha Plaza - KIOSQUE,5053441002623,Ilha Plaza,NEOR-019,C,RJ,Rio de Janeiro,Ilha do Governador,"AV. MAESTRO PAULO E SILVA, 400 (Q SIPE 213B - 2 PISO) CEP: 21920440",,,
Rastrecall  Representações Comerciais  - Itaguai Shopping - KIOSQUE,5053441005053,Itaguai Shopping,NEOR-019,C,RJ,Itaguai,Centro,"Rua Doutor Curvelo Cavalcanti, 189 Ilha 003 1 Piso - CEP. 23815-291 - Centro - Itaguai - RJ",,,
Rastrecall  Representações Comerciais  - Madureira Shopping - KIOSQUE,5053441004596,Madureira Shopping,NEOR-019,C,RJ,Rio de Janeiro,Madureira,"Estrada do Portela, 222 Quiosque L1 Q06E - CEP. 21351-051 - Madureira - RJ",,,
Rastrecall  Representações Comerciais  - Nilópolis Shopping - KIOSQUE,5053441006025,Nilópolis Shopping,NEOR-019,C,RJ,Nilópolis,Centro,"Rua Professor Alfredo Gonçalves Fugueira, 100 Q. 07 - CEP: 26525-060 - Nilopolis - RJ",,,
Rastrecall  Representações Comerciais  - Parque Shopping Barueri - KIOSQUE,5053441008400,Parque Shopping Barueri,NEOR-019,C,SP,Barueri,Nova Aldeinha,"Rua General de Divisão Pedro Rodrigues da Silva, 400 -KSK Q101 - Nova Aldeinha - Barueri - SP",,,
Rastrecall  Representações Comerciais  - Passeio Shopping - LOJA,5053441004839,Passeio Shopping,NEOR-019,C,RJ,Rio de Janeiro,Campo Grande,"Rua Viuva Dantas, 100 lojas 101 e 103 - CEP. 23052-090 - Campo Grande RJ",,,
Rastrecall  Representações Comerciais  - Shopping Bangu - KIOSQUE,5053441003603,Shopping Bangu,NEOR-019,C,RJ,Rio de Janeiro,Bangu ,"R Fonseca, 240, Quiosq Q04-A - Cep: 21820-005 Bangu - Rio De Janeiro (Rj)",,,
Rastrecall  Representações Comerciais  - Shopping Bangu - LOJA,5053441004243,Shopping Bangu,NEOR-019,B,RJ,Rio de Janeiro,Bangu ,"R Fonseca, 240 Loja N 124/124-A - Bangu Rio De Janeiro",,,
Rastrecall  Representações Comerciais  - Shopping Jardim Guadalupe - KIOSQUE,5053441002976,Shopping Jardim Guadalupe,NEOR-019,C,RJ,Rio de Janeiro,Guadalupe,AV. BRASIL N.22155 QUIOSQUE 1* PISO - JARDIM GUADALUPE - CEP. 21.670-000 - RJ,,,
Rastrecall  Representações Comerciais  - Shopping Nova Iguaçu - KIOSQUE,5053441001902,Shopping Nova Iguaçu,NEOR-019,C,RJ,Nova Iguaçu,Bairro da Luz ,"Av Abílio Augusto Távora, nº  1.111 - (Quiosque QP23) - Bairro da Luz - Nova Iguaçu – Rio de Janeiro",,,
Rastrecall  Representações Comerciais  - Shopping Park Lagos - KIOSQUE,5053441008079,Shopping Park Lagos,NEOR-019,C,RJ,Cabo Frio,Centro,"Av. Heriquente Terra, 1700 - Q25 - Parque Burle - Cabo Frio - CEP: 28.911-320",,,
Rastrecall  Representações Comerciais  - Shopping Pátio Alcântara - KIOSQUE,5053441006378,Shopping Pátio Alcântara,NEOR-019,C,RJ,São Gonçalo,Alcântara,"Praça Carlos Gianelli, S/N L2-Q25 - CEP 24710-465 - São Gonçalo - Alcantara",,,
Rastrecall  Representações Comerciais  - Shopping Sulacap - KIOSQUE,5053441005800,Shopping Sulacap,NEOR-019,C,RJ,Rio de Janeiro,Realengo,"Avenida Marechal Fontenelle, 3545 Quiosque MKT 22 - CEP 21750-001 - Jardim Sulacap - RJ",,,
Rastrecall  Representações Comerciais  - Sider Shopping - KIOSQUE,5053441001732,Sider Shopping,NEOR-019,C,RJ,Volta Redonda,Vila Santa Cecília,"Rua Doze, 300 Quiosque M209 - Vila Santa Cecília / Volta Redonda - RJ CEP: 27260-315",,,
Rastrecall  Representações Comerciais  - Sta. Cruz  - KIOSQUE,5053441005991,Sta. Cruz ,NEOR-019,C,RJ,Rio de Janeiro,Santa Cruz ,Rua felipe cardoso N. 540 Q07 - CEP 23515-000 - Santa cruz - RJ ,,,
Voce Mobile Comercio E Repres Ltda - North Shopping Joquei - LOJA,14210326000310,North Shopping Joquei,NEOR-020,B,CE,Fortaleza,Joquei Clube ,"Av. Lineu Machado, 419  Complemento:  Loja 1031 E 1032 Piso L 1  Bairro:  Joquei Clube  Município:  Fortaleza  Cep:  60520-102 ",,,
Voce Mobile Comercio E Repres Ltda - Riverside Shopping - KIOSQUE,14210326000743,Riverside Shopping,NEOR-020,C,PI,Teresina,Joquei Clube ,"Av. Ininga, 1201 Quiosq Q 32 -Bairro Joquei Clube  -Municipio De Teresina- Cep 64048-110",,,
Voce Mobile Comercio E Repres Ltda - Shopping Benfica - KIOSQUE,14210326001120,Shopping Benfica,NEOR-020,C,CE,Fortaleza,Benfica,"RUA CARAPINIMA, N°2200. SHOPPING BENFICA, QUIOSQUE 002 A. ",,,
Voce Mobile Comercio E Repres Ltda - Shopping Parangaba - LOJA,14210326000824,Shopping Parangaba,NEOR-020,B,CE,Fortaleza,Parangaba ,"R Germano Frank, 300 Loja 327",,,
Voce Mobile Comercio E Repres Ltda - Shopping Riomar Kennedy - KIOSQUE,14210326001200,Shopping Riomar Kennedy,NEOR-020,C,CE,Fortaleza,Presidente Kennedy,"AV. SARMENTO HERMINIO SAMPAIO, 3100.  Piso L-2. Q -216",,,
Voce Mobile Comercio E Repres Ltda - Shopping Via Sul - LOJA ,14210326000662,Shopping Via Sul,NEOR-020,B,CE,Fortaleza,Sapiranga ,"Av Washington Soares, 4335- Quiosqqt-08 Cep:60833-005 Bairro Sapiranga Fortaleza Ce",,,
Voce Mobile Comercio E Repres Ltda - Teresina Shopping - LOJA,14210326000581,Teresina Shopping,NEOR-020,A,PI,Teresina,Noivos,"Av Raul Lopes, Nº 1000 - Loja 238 Teresina Shopping Bairro: Noivos Teresina-Pi Cep: 64046-902",,,
